action_type,activity_comment,activity_id,activity_properties,assay_chembl_id,assay_description,assay_type,assay_variant_accession,assay_variant_mutation,bao_endpoint,bao_format,bao_label,canonical_smiles,data_validity_comment,data_validity_description,document_chembl_id,document_journal,document_year,ligand_efficiency,molecule_chembl_id,molecule_pref_name,parent_molecule_chembl_id,pchembl_value,potential_duplicate,qudt_units,record_id,relation,src_id,standard_flag,standard_relation,standard_text_value,standard_type,standard_units,standard_upper_value,standard_value,target_chembl_id,target_organism,target_pref_name,target_tax_id,text_value,toid,type,units,uo_units,upper_value,value
,Active,3606184,[],CHEMBL1614471,PUBCHEM_BIOASSAY: Inhibitors of Mycobacterial Glucosamine-1-phosphate acetyl transferase (GlmU). Secondary screen. (Class of assay: confirmatory) ,B,,,BAO_0000190,BAO_0000357,single protein format,O=C(O)c1cc(C(=O)O)cc(-c2ccc(/C=c3/sc4nc5ccccc5n4c3=O)o2)c1,,,CHEMBL1201862,,,"{'bei': '10.33', 'le': '0.20', 'lle': '1.36', 'sei': '3.66'}",CHEMBL2001396,,CHEMBL2001396,4.47,0,http://www.openphacts.org/units/Nanomolar,1125749,=,7,1,=,,IC50,nM,,34120,CHEMBL1293297,Mycobacterium tuberculosis,Bifunctional protein GlmU,1773,,,IC50,um,UO_0000065,,34.12
,Active,3606185,[],CHEMBL1614471,PUBCHEM_BIOASSAY: Inhibitors of Mycobacterial Glucosamine-1-phosphate acetyl transferase (GlmU). Secondary screen. (Class of assay: confirmatory) ,B,,,BAO_0000190,BAO_0000357,single protein format,COc1cc(/C=C(\C#N)c2nc3cc(C)ccc3[nH]2)cc([N+](=O)[O-])c1O,,,CHEMBL1201862,,,"{'bei': '11.49', 'le': '0.21', 'lle': '0.47', 'sei': '3.22'}",CHEMBL1336922,,CHEMBL1336922,4.03,0,http://www.openphacts.org/units/Nanomolar,1103795,=,7,1,=,,IC50,nM,,94270,CHEMBL1293297,Mycobacterium tuberculosis,Bifunctional protein GlmU,1773,,,IC50,um,UO_0000065,,94.27
,Active,3606186,[],CHEMBL1614471,PUBCHEM_BIOASSAY: Inhibitors of Mycobacterial Glucosamine-1-phosphate acetyl transferase (GlmU). Secondary screen. (Class of assay: confirmatory) ,B,,,BAO_0000190,BAO_0000357,single protein format,Cc1c(Br)c(=O)oc2c(Br)c(O)c(O)cc12,,,CHEMBL1201862,,,"{'bei': '12.16', 'le': '0.36', 'lle': '1.22', 'sei': '6.02'}",CHEMBL272465,,CHEMBL272465,4.26,0,http://www.openphacts.org/units/Nanomolar,1051247,=,7,1,=,,IC50,nM,,55400,CHEMBL1293297,Mycobacterium tuberculosis,Bifunctional protein GlmU,1773,,,IC50,um,UO_0000065,,55.4
,Active,3606187,[],CHEMBL1614471,PUBCHEM_BIOASSAY: Inhibitors of Mycobacterial Glucosamine-1-phosphate acetyl transferase (GlmU). Secondary screen. (Class of assay: confirmatory) ,B,,,BAO_0000190,BAO_0000357,single protein format,CCn1c2ccc(C)cc2c2nc3cc(C(=O)O)ccc3nc21,Outside typical range,"Values for this activity type are unusually large/small, so may not be accurate",CHEMBL1201862,,,,CHEMBL1330152,,CHEMBL1330152,,0,http://www.openphacts.org/units/Nanomolar,1047815,=,7,1,=,,IC50,nM,,190560,CHEMBL1293297,Mycobacterium tuberculosis,Bifunctional protein GlmU,1773,,,IC50,um,UO_0000065,,190.56
,Active,3606188,[],CHEMBL1614471,PUBCHEM_BIOASSAY: Inhibitors of Mycobacterial Glucosamine-1-phosphate acetyl transferase (GlmU). Secondary screen. (Class of assay: confirmatory) ,B,,,BAO_0000190,BAO_0000357,single protein format,O=C1NC(=S)/C(=C\c2ccc(-c3ccccc3Cl)o2)S1,Outside typical range,"Values for this activity type are unusually large/small, so may not be accurate",CHEMBL1201862,,,,CHEMBL1458441,,CHEMBL1458441,,0,http://www.openphacts.org/units/Nanomolar,1038558,=,7,1,=,,IC50,nM,,194100,CHEMBL1293297,Mycobacterium tuberculosis,Bifunctional protein GlmU,1773,,,IC50,um,UO_0000065,,194.1
,Active,3606189,[],CHEMBL1614471,PUBCHEM_BIOASSAY: Inhibitors of Mycobacterial Glucosamine-1-phosphate acetyl transferase (GlmU). Secondary screen. (Class of assay: confirmatory) ,B,,,BAO_0000190,BAO_0000357,single protein format,O=C(O)CSCC(=O)Nc1ccc(-c2nc3ccccc3s2)cc1,,,CHEMBL1201862,,,"{'bei': '11.33', 'le': '0.23', 'lle': '0.34', 'sei': '5.12'}",CHEMBL1541244,,CHEMBL1541244,4.06,0,http://www.openphacts.org/units/Nanomolar,1155508,=,7,1,=,,IC50,nM,,86810,CHEMBL1293297,Mycobacterium tuberculosis,Bifunctional protein GlmU,1773,,,IC50,um,UO_0000065,,86.81
,Active,3606190,[],CHEMBL1614471,PUBCHEM_BIOASSAY: Inhibitors of Mycobacterial Glucosamine-1-phosphate acetyl transferase (GlmU). Secondary screen. (Class of assay: confirmatory) ,B,,,BAO_0000190,BAO_0000357,single protein format,Cc1ccc(N2C(=O)NC(=O)/C(=C/c3ccoc3)C2=O)cc1,,,CHEMBL1201862,,,"{'bei': '14.10', 'le': '0.26', 'lle': '1.93', 'sei': '5.25'}",CHEMBL1429479,,CHEMBL1429479,4.18,0,http://www.openphacts.org/units/Nanomolar,1151960,=,7,1,=,,IC50,nM,,66520,CHEMBL1293297,Mycobacterium tuberculosis,Bifunctional protein GlmU,1773,,,IC50,um,UO_0000065,,66.52
,Active,3606191,[],CHEMBL1614471,PUBCHEM_BIOASSAY: Inhibitors of Mycobacterial Glucosamine-1-phosphate acetyl transferase (GlmU). Secondary screen. (Class of assay: confirmatory) ,B,,,BAO_0000190,BAO_0000357,single protein format,O=C1NC(=S)S/C1=C\c1coc2ccc(O)cc2c1=O,Outside typical range,"Values for this activity type are unusually large/small, so may not be accurate",CHEMBL1201862,,,,CHEMBL1445039,,CHEMBL1445039,,0,http://www.openphacts.org/units/Nanomolar,1150286,=,7,1,=,,IC50,nM,,111690,CHEMBL1293297,Mycobacterium tuberculosis,Bifunctional protein GlmU,1773,,,IC50,um,UO_0000065,,111.69
,Active,3606192,[],CHEMBL1614471,PUBCHEM_BIOASSAY: Inhibitors of Mycobacterial Glucosamine-1-phosphate acetyl transferase (GlmU). Secondary screen. (Class of assay: confirmatory) ,B,,,BAO_0000190,BAO_0000357,single protein format,O=C(O)c1ccc(-n2cccc2/C=C2/NC(=O)N(c3cccc(Cl)c3)C2=O)cc1,,,CHEMBL1201862,,,"{'bei': '10.24', 'le': '0.20', 'lle': '0.25', 'sei': '4.56'}",CHEMBL1346055,,CHEMBL1346055,4.17,0,http://www.openphacts.org/units/Nanomolar,1093732,=,7,1,=,,IC50,nM,,66790,CHEMBL1293297,Mycobacterium tuberculosis,Bifunctional protein GlmU,1773,,,IC50,um,UO_0000065,,66.79
,Active,3606193,[],CHEMBL1614471,PUBCHEM_BIOASSAY: Inhibitors of Mycobacterial Glucosamine-1-phosphate acetyl transferase (GlmU). Secondary screen. (Class of assay: confirmatory) ,B,,,BAO_0000190,BAO_0000357,single protein format,O=C(O)c1cccc(-n2cccc2/C=N/O)c1,,,CHEMBL1201862,,,"{'bei': '17.54', 'le': '0.32', 'lle': '2.06', 'sei': '5.40'}",CHEMBL1995948,,CHEMBL1995948,4.04,0,http://www.openphacts.org/units/Nanomolar,1176501,=,7,1,=,,IC50,nM,,91570,CHEMBL1293297,Mycobacterium tuberculosis,Bifunctional protein GlmU,1773,,,IC50,um,UO_0000065,,91.57
,Active,3606194,[],CHEMBL1614471,PUBCHEM_BIOASSAY: Inhibitors of Mycobacterial Glucosamine-1-phosphate acetyl transferase (GlmU). Secondary screen. (Class of assay: confirmatory) ,B,,,BAO_0000190,BAO_0000357,single protein format,CN1CCN(C(=S)NC(=O)c2ccc(Cl)cc2)CC1,Outside typical range,"Values for this activity type are unusually large/small, so may not be accurate",CHEMBL1201862,,,,CHEMBL1480604,,CHEMBL1480604,,0,http://www.openphacts.org/units/Nanomolar,1091933,=,7,1,=,,IC50,nM,,132000,CHEMBL1293297,Mycobacterium tuberculosis,Bifunctional protein GlmU,1773,,,IC50,um,UO_0000065,,132
,Active,3606195,[],CHEMBL1614471,PUBCHEM_BIOASSAY: Inhibitors of Mycobacterial Glucosamine-1-phosphate acetyl transferase (GlmU). Secondary screen. (Class of assay: confirmatory) ,B,,,BAO_0000190,BAO_0000357,single protein format,Cc1ccc(NC(=O)CN2C(=O)N/C(=C\c3cccn3-c3cccc(C(=O)O)c3)C2=O)cc1,Outside typical range,"Values for this activity type are unusually large/small, so may not be accurate",CHEMBL1201862,,,,CHEMBL212414,,CHEMBL212414,,0,http://www.openphacts.org/units/Nanomolar,1125954,=,7,1,=,,IC50,nM,,102570,CHEMBL1293297,Mycobacterium tuberculosis,Bifunctional protein GlmU,1773,,,IC50,um,UO_0000065,,102.57
,Active,3606196,[],CHEMBL1614471,PUBCHEM_BIOASSAY: Inhibitors of Mycobacterial Glucosamine-1-phosphate acetyl transferase (GlmU). Secondary screen. (Class of assay: confirmatory) ,B,,,BAO_0000190,BAO_0000357,single protein format,O=C(c1nnsc1[S+]([O-])c1ccc(Cl)cc1)N1CCOCC1,Outside typical range,"Values for this activity type are unusually large/small, so may not be accurate",CHEMBL1201862,,,,CHEMBL1327783,,CHEMBL1327783,,0,http://www.openphacts.org/units/Nanomolar,1120317,=,7,1,=,,IC50,nM,,181040,CHEMBL1293297,Mycobacterium tuberculosis,Bifunctional protein GlmU,1773,,,IC50,um,UO_0000065,,181.04
,Active,3606197,[],CHEMBL1614471,PUBCHEM_BIOASSAY: Inhibitors of Mycobacterial Glucosamine-1-phosphate acetyl transferase (GlmU). Secondary screen. (Class of assay: confirmatory) ,B,,,BAO_0000190,BAO_0000357,single protein format,CC(=O)NC1=NC(=O)/C(=C/c2cc(C)n(-c3cccc(C(=O)O)c3)c2C)S1,,,CHEMBL1201862,,,"{'bei': '10.51', 'le': '0.20', 'lle': '1.13', 'sei': '4.00'}",CHEMBL1564810,,CHEMBL1564810,4.03,0,http://www.openphacts.org/units/Nanomolar,1108769,=,7,1,=,,IC50,nM,,93770,CHEMBL1293297,Mycobacterium tuberculosis,Bifunctional protein GlmU,1773,,,IC50,um,UO_0000065,,93.77
,Active,3606198,[],CHEMBL1614471,PUBCHEM_BIOASSAY: Inhibitors of Mycobacterial Glucosamine-1-phosphate acetyl transferase (GlmU). Secondary screen. (Class of assay: confirmatory) ,B,,,BAO_0000190,BAO_0000357,single protein format,COc1ccc(OCc2cc(C(=O)O)c(C)o2)cc1,,,CHEMBL1201862,,,"{'bei': '16.34', 'le': '0.31', 'lle': '1.42', 'sei': '6.22'}",CHEMBL1574206,,CHEMBL1574206,4.29,0,http://www.openphacts.org/units/Nanomolar,1141208,=,7,1,=,,IC50,nM,,51700,CHEMBL1293297,Mycobacterium tuberculosis,Bifunctional protein GlmU,1773,,,IC50,um,UO_0000065,,51.7
,Active,3606199,[],CHEMBL1614471,PUBCHEM_BIOASSAY: Inhibitors of Mycobacterial Glucosamine-1-phosphate acetyl transferase (GlmU). Secondary screen. (Class of assay: confirmatory) ,B,,,BAO_0000190,BAO_0000357,single protein format,O=c1c(C(c2ccc([N+](=O)[O-])cc2)c2c(O)oc3ccccc3c2=O)c(O)oc2ccccc12,Outside typical range,"Values for this activity type are unusually large/small, so may not be accurate",CHEMBL1201862,,,,CHEMBL81935,,CHEMBL81935,,0,http://www.openphacts.org/units/Nanomolar,1108232,=,7,1,=,,IC50,nM,,122390,CHEMBL1293297,Mycobacterium tuberculosis,Bifunctional protein GlmU,1773,,,IC50,um,UO_0000065,,122.39
,Active,3606200,[],CHEMBL1614471,PUBCHEM_BIOASSAY: Inhibitors of Mycobacterial Glucosamine-1-phosphate acetyl transferase (GlmU). Secondary screen. (Class of assay: confirmatory) ,B,,,BAO_0000190,BAO_0000357,single protein format,Cc1cc(N)n(-c2ccc(Oc3ccccc3)c(S(=O)(=O)O)c2)n1,Outside typical range,"Values for this activity type are unusually large/small, so may not be accurate",CHEMBL1201862,,,,CHEMBL1488814,,CHEMBL1488814,,0,http://www.openphacts.org/units/Nanomolar,1092173,=,7,1,=,,IC50,nM,,122710,CHEMBL1293297,Mycobacterium tuberculosis,Bifunctional protein GlmU,1773,,,IC50,um,UO_0000065,,122.71
,Active,3606201,[],CHEMBL1614471,PUBCHEM_BIOASSAY: Inhibitors of Mycobacterial Glucosamine-1-phosphate acetyl transferase (GlmU). Secondary screen. (Class of assay: confirmatory) ,B,,,BAO_0000190,BAO_0000357,single protein format,CN(C)C(=S)SSC(=S)N(C)C,,,CHEMBL1201862,,,"{'bei': '16.84', 'le': '0.46', 'lle': '1.99', 'sei': '62.49'}",CHEMBL120563,THIRAM,CHEMBL120563,4.05,0,http://www.openphacts.org/units/Nanomolar,980136,=,7,1,=,,IC50,nM,,89320,CHEMBL1293297,Mycobacterium tuberculosis,Bifunctional protein GlmU,1773,,,IC50,um,UO_0000065,,89.32
,Active,3606202,[],CHEMBL1614471,PUBCHEM_BIOASSAY: Inhibitors of Mycobacterial Glucosamine-1-phosphate acetyl transferase (GlmU). Secondary screen. (Class of assay: confirmatory) ,B,,,BAO_0000190,BAO_0000357,single protein format,Cc1ccc(C)n1-c1sccc1C(=O)O,,,CHEMBL1201862,,,"{'bei': '19.56', 'le': '0.39', 'lle': '1.48', 'sei': '10.25'}",CHEMBL1504655,,CHEMBL1504655,4.33,0,http://www.openphacts.org/units/Nanomolar,988768,=,7,1,=,,IC50,nM,,46910,CHEMBL1293297,Mycobacterium tuberculosis,Bifunctional protein GlmU,1773,,,IC50,um,UO_0000065,,46.91
,Active,3606203,[],CHEMBL1614471,PUBCHEM_BIOASSAY: Inhibitors of Mycobacterial Glucosamine-1-phosphate acetyl transferase (GlmU). Secondary screen. (Class of assay: confirmatory) ,B,,,BAO_0000190,BAO_0000357,single protein format,Cc1ccc(CNC(=O)CCS(=O)(=O)c2ccc(Br)cc2)cc1,,,CHEMBL1201862,,,"{'bei': '10.67', 'le': '0.25', 'lle': '0.99', 'sei': '6.69'}",CHEMBL1530127,,CHEMBL1530127,4.23,0,http://www.openphacts.org/units/Nanomolar,1117619,=,7,1,=,,IC50,nM,,59050,CHEMBL1293297,Mycobacterium tuberculosis,Bifunctional protein GlmU,1773,,,IC50,um,UO_0000065,,59.05
,Active,3606204,[],CHEMBL1614471,PUBCHEM_BIOASSAY: Inhibitors of Mycobacterial Glucosamine-1-phosphate acetyl transferase (GlmU). Secondary screen. (Class of assay: confirmatory) ,B,,,BAO_0000190,BAO_0000357,single protein format,O=c1ccc2[n+]([O-])c3ccc([O-])cc3oc-2c1.[Na+],,,CHEMBL1201862,,,"{'bei': '18.44', 'le': '0.34', 'lle': '2.99', 'sei': '5.46'}",CHEMBL1353221,,CHEMBL1616414,4.23,0,http://www.openphacts.org/units/Nanomolar,1150425,=,7,1,=,,IC50,nM,,59390,CHEMBL1293297,Mycobacterium tuberculosis,Bifunctional protein GlmU,1773,,,IC50,um,UO_0000065,,59.39
,Active,3606205,[],CHEMBL1614471,PUBCHEM_BIOASSAY: Inhibitors of Mycobacterial Glucosamine-1-phosphate acetyl transferase (GlmU). Secondary screen. (Class of assay: confirmatory) ,B,,,BAO_0000190,BAO_0000357,single protein format,O=S1(=O)c2ccccc2N=NN1Cc1ccc(Cl)c(Cl)c1,,,CHEMBL1201862,,,"{'bei': '12.89', 'le': '0.29', 'lle': '0.21', 'sei': '7.11'}",CHEMBL1353569,,CHEMBL1353569,4.41,0,http://www.openphacts.org/units/Nanomolar,998296,=,7,1,=,,IC50,nM,,38660,CHEMBL1293297,Mycobacterium tuberculosis,Bifunctional protein GlmU,1773,,,IC50,um,UO_0000065,,38.66
,Active,3606206,[],CHEMBL1614471,PUBCHEM_BIOASSAY: Inhibitors of Mycobacterial Glucosamine-1-phosphate acetyl transferase (GlmU). Secondary screen. (Class of assay: confirmatory) ,B,,,BAO_0000190,BAO_0000357,single protein format,CC1=CC(=O)C=C(C)C1=NOS(=O)(=O)c1ccccc1,Outside typical range,"Values for this activity type are unusually large/small, so may not be accurate",CHEMBL1201862,,,,CHEMBL1374860,,CHEMBL1374860,,0,http://www.openphacts.org/units/Nanomolar,998066,=,7,1,=,,IC50,nM,,164900,CHEMBL1293297,Mycobacterium tuberculosis,Bifunctional protein GlmU,1773,,,IC50,um,UO_0000065,,164.9
,Active,3606207,[],CHEMBL1614471,PUBCHEM_BIOASSAY: Inhibitors of Mycobacterial Glucosamine-1-phosphate acetyl transferase (GlmU). Secondary screen. (Class of assay: confirmatory) ,B,,,BAO_0000190,BAO_0000357,single protein format,Oc1ccc(/C=N/NC(=S)Nc2cccnc2)c(O)c1O,,,CHEMBL1201862,,,"{'bei': '13.41', 'le': '0.27', 'lle': '2.56', 'sei': '3.71'}",CHEMBL3194876,,CHEMBL3194876,4.08,0,http://www.openphacts.org/units/Nanomolar,1088787,=,7,1,=,,IC50,nM,,82970,CHEMBL1293297,Mycobacterium tuberculosis,Bifunctional protein GlmU,1773,,,IC50,um,UO_0000065,,82.97
,Active,3606208,[],CHEMBL1614471,PUBCHEM_BIOASSAY: Inhibitors of Mycobacterial Glucosamine-1-phosphate acetyl transferase (GlmU). Secondary screen. (Class of assay: confirmatory) ,B,,,BAO_0000190,BAO_0000357,single protein format,O=C(O)C1C2C=CC(CC2)C1C(=O)O,Outside typical range,"Values for this activity type are unusually large/small, so may not be accurate",CHEMBL1201862,,,,CHEMBL1571824,,CHEMBL1571824,,0,http://www.openphacts.org/units/Nanomolar,988677,=,7,1,=,,IC50,nM,,113990,CHEMBL1293297,Mycobacterium tuberculosis,Bifunctional protein GlmU,1773,,,IC50,um,UO_0000065,,113.99
,Active,3606209,[],CHEMBL1614471,PUBCHEM_BIOASSAY: Inhibitors of Mycobacterial Glucosamine-1-phosphate acetyl transferase (GlmU). Secondary screen. (Class of assay: confirmatory) ,B,,,BAO_0000190,BAO_0000357,single protein format,C=C(C)C(=O)Nc1cccc(C2=NOC3(C2)C[C@H](C(N)=O)N(C(=O)C(c2ccccc2)c2ccccc2)C3)c1,Outside typical range,"Values for this activity type are unusually large/small, so may not be accurate",CHEMBL1201862,,,,CHEMBL1459778,,CHEMBL1459778,,0,http://www.openphacts.org/units/Nanomolar,1151244,=,7,1,=,,IC50,nM,,166770,CHEMBL1293297,Mycobacterium tuberculosis,Bifunctional protein GlmU,1773,,,IC50,um,UO_0000065,,166.77
,Active,3606210,[],CHEMBL1614471,PUBCHEM_BIOASSAY: Inhibitors of Mycobacterial Glucosamine-1-phosphate acetyl transferase (GlmU). Secondary screen. (Class of assay: confirmatory) ,B,,,BAO_0000190,BAO_0000357,single protein format,O=C(/C=C/c1ccc(O)c(O)c1)O[C@H](Cc1ccc(O)c(O)c1)C(=O)O,,,CHEMBL1201862,,,"{'bei': '11.30', 'le': '0.21', 'lle': '2.31', 'sei': '2.82'}",CHEMBL324842,ROSMARINIC ACID,CHEMBL324842,4.07,0,http://www.openphacts.org/units/Nanomolar,1151338,=,7,1,=,,IC50,nM,,84940,CHEMBL1293297,Mycobacterium tuberculosis,Bifunctional protein GlmU,1773,,,IC50,um,UO_0000065,,84.94
,Active,3606211,[],CHEMBL1614471,PUBCHEM_BIOASSAY: Inhibitors of Mycobacterial Glucosamine-1-phosphate acetyl transferase (GlmU). Secondary screen. (Class of assay: confirmatory) ,B,,,BAO_0000190,BAO_0000357,single protein format,Cc1c(Cl)sn(-c2ccc(Cl)cc2)c1=O,Outside typical range,"Values for this activity type are unusually large/small, so may not be accurate",CHEMBL1201862,,,,CHEMBL1442788,,CHEMBL1442788,,0,http://www.openphacts.org/units/Nanomolar,1099264,=,7,1,=,,IC50,nM,,118460,CHEMBL1293297,Mycobacterium tuberculosis,Bifunctional protein GlmU,1773,,,IC50,um,UO_0000065,,118.46
,Active,3606212,[],CHEMBL1614471,PUBCHEM_BIOASSAY: Inhibitors of Mycobacterial Glucosamine-1-phosphate acetyl transferase (GlmU). Secondary screen. (Class of assay: confirmatory) ,B,,,BAO_0000190,BAO_0000357,single protein format,O=C(Nc1ccccc1)c1nnsc1[S+]([O-])c1ccc(Cl)cc1,Outside typical range,"Values for this activity type are unusually large/small, so may not be accurate",CHEMBL1201862,,,,CHEMBL1424562,,CHEMBL1424562,,0,http://www.openphacts.org/units/Nanomolar,1017315,=,7,1,=,,IC50,nM,,197160,CHEMBL1293297,Mycobacterium tuberculosis,Bifunctional protein GlmU,1773,,,IC50,um,UO_0000065,,197.16
,Active,3606213,[],CHEMBL1614471,PUBCHEM_BIOASSAY: Inhibitors of Mycobacterial Glucosamine-1-phosphate acetyl transferase (GlmU). Secondary screen. (Class of assay: confirmatory) ,B,,,BAO_0000190,BAO_0000357,single protein format,O=C1NC(=S)S/C1=C\c1ccc(SCc2ccco2)o1,,,CHEMBL1201862,,,"{'bei': '14.69', 'le': '0.32', 'lle': '1.10', 'sei': '8.58'}",CHEMBL1405834,,CHEMBL1405834,4.75,0,http://www.openphacts.org/units/Nanomolar,1031062,=,7,1,=,,IC50,nM,,17740,CHEMBL1293297,Mycobacterium tuberculosis,Bifunctional protein GlmU,1773,,,IC50,um,UO_0000065,,17.74
,Active,3606214,[],CHEMBL1614471,PUBCHEM_BIOASSAY: Inhibitors of Mycobacterial Glucosamine-1-phosphate acetyl transferase (GlmU). Secondary screen. (Class of assay: confirmatory) ,B,,,BAO_0000190,BAO_0000357,single protein format,O=C1/C(=C/C=C/c2ccco2)SC(=S)N1NS(=O)(=O)c1ccccc1,,,CHEMBL1201862,,,"{'bei': '10.97', 'le': '0.24', 'lle': '1.37', 'sei': '5.41'}",CHEMBL1416439,,CHEMBL1416439,4.3,0,http://www.openphacts.org/units/Nanomolar,1151873,=,7,1,=,,IC50,nM,,49580,CHEMBL1293297,Mycobacterium tuberculosis,Bifunctional protein GlmU,1773,,,IC50,um,UO_0000065,,49.58
,Active,3606215,[],CHEMBL1614471,PUBCHEM_BIOASSAY: Inhibitors of Mycobacterial Glucosamine-1-phosphate acetyl transferase (GlmU). Secondary screen. (Class of assay: confirmatory) ,B,,,BAO_0000190,BAO_0000357,single protein format,Cc1nnc(Sc2cc(NCCCO)c([N+](=O)[O-])c3nonc23)s1,,,CHEMBL1201862,,,"{'bei': '11.15', 'le': '0.23', 'lle': '1.87', 'sei': '2.93'}",CHEMBL1588411,,CHEMBL1588411,4.11,0,http://www.openphacts.org/units/Nanomolar,1115573,=,7,1,=,,IC50,nM,,77780,CHEMBL1293297,Mycobacterium tuberculosis,Bifunctional protein GlmU,1773,,,IC50,um,UO_0000065,,77.78
,Active,3606216,[],CHEMBL1614471,PUBCHEM_BIOASSAY: Inhibitors of Mycobacterial Glucosamine-1-phosphate acetyl transferase (GlmU). Secondary screen. (Class of assay: confirmatory) ,B,,,BAO_0000190,BAO_0000357,single protein format,COc1ccc(/C=C2/C(=O)NC(=O)N(Cc3ccco3)C2=O)cc1,,,CHEMBL1201862,,,"{'bei': '17.61', 'le': '0.33', 'lle': '3.80', 'sei': '6.47'}",CHEMBL1388689,,CHEMBL1388689,5.75,0,http://www.openphacts.org/units/Nanomolar,1108341,=,7,1,=,,IC50,nM,,1790,CHEMBL1293297,Mycobacterium tuberculosis,Bifunctional protein GlmU,1773,,,IC50,um,UO_0000065,,1.79
,Active,3606217,[],CHEMBL1614471,PUBCHEM_BIOASSAY: Inhibitors of Mycobacterial Glucosamine-1-phosphate acetyl transferase (GlmU). Secondary screen. (Class of assay: confirmatory) ,B,,,BAO_0000190,BAO_0000357,single protein format,O=C(O)C(S)C(S)C(=O)O,Outside typical range,"Values for this activity type are unusually large/small, so may not be accurate",CHEMBL1201862,,,,CHEMBL28721,,CHEMBL28721,,0,http://www.openphacts.org/units/Nanomolar,1205139,=,7,1,=,,IC50,nM,,180920,CHEMBL1293297,Mycobacterium tuberculosis,Bifunctional protein GlmU,1773,,,IC50,um,UO_0000065,,180.92
,Active,3606218,[],CHEMBL1614471,PUBCHEM_BIOASSAY: Inhibitors of Mycobacterial Glucosamine-1-phosphate acetyl transferase (GlmU). Secondary screen. (Class of assay: confirmatory) ,B,,,BAO_0000190,BAO_0000357,single protein format,COC(=O)c1ccc(N2NC(=O)/C(=C/c3ccc(-c4ccc(Cl)c(C(=O)O)c4)o3)C2=O)cc1,,,CHEMBL1201862,,,"{'bei': '8.83', 'le': '0.17', 'lle': '0.57', 'sei': '3.27'}",CHEMBL1509676,,CHEMBL1509676,4.12,0,http://www.openphacts.org/units/Nanomolar,1103482,=,7,1,=,,IC50,nM,,75830,CHEMBL1293297,Mycobacterium tuberculosis,Bifunctional protein GlmU,1773,,,IC50,um,UO_0000065,,75.83
,Active,3606219,[],CHEMBL1614471,PUBCHEM_BIOASSAY: Inhibitors of Mycobacterial Glucosamine-1-phosphate acetyl transferase (GlmU). Secondary screen. (Class of assay: confirmatory) ,B,,,BAO_0000190,BAO_0000357,single protein format,O=[N+]([O-])c1cc(/C=N/Nc2nc3ccccc3[nH]2)c(O)cc1O,Outside typical range,"Values for this activity type are unusually large/small, so may not be accurate",CHEMBL1201862,,,,CHEMBL2004417,,CHEMBL2004417,,0,http://www.openphacts.org/units/Nanomolar,1025804,=,7,1,=,,IC50,nM,,124940,CHEMBL1293297,Mycobacterium tuberculosis,Bifunctional protein GlmU,1773,,,IC50,um,UO_0000065,,124.94
,Active,3606220,[],CHEMBL1614471,PUBCHEM_BIOASSAY: Inhibitors of Mycobacterial Glucosamine-1-phosphate acetyl transferase (GlmU). Secondary screen. (Class of assay: confirmatory) ,B,,,BAO_0000190,BAO_0000357,single protein format,COC(=O)c1cc(O)cc(OC)c1Oc1cc(C)cc(O)c1C(=O)O,,,CHEMBL1201862,,,"{'bei': '11.72', 'le': '0.22', 'lle': '1.39', 'sei': '3.33'}",CHEMBL469424,ASTERRIC ACID,CHEMBL469424,4.08,0,http://www.openphacts.org/units/Nanomolar,1151178,=,7,1,=,,IC50,nM,,82700,CHEMBL1293297,Mycobacterium tuberculosis,Bifunctional protein GlmU,1773,,,IC50,um,UO_0000065,,82.7
,Active,3606221,[],CHEMBL1614471,PUBCHEM_BIOASSAY: Inhibitors of Mycobacterial Glucosamine-1-phosphate acetyl transferase (GlmU). Secondary screen. (Class of assay: confirmatory) ,B,,,BAO_0000190,BAO_0000357,single protein format,Cc1nn(-c2ccccc2Cl)c(Cl)c1/C=N/Nc1cccc(C(=O)O)c1,Outside typical range,"Values for this activity type are unusually large/small, so may not be accurate",CHEMBL1201862,,,,CHEMBL3193405,,CHEMBL3193405,,0,http://www.openphacts.org/units/Nanomolar,1043452,=,7,1,=,,IC50,nM,,136930,CHEMBL1293297,Mycobacterium tuberculosis,Bifunctional protein GlmU,1773,,,IC50,um,UO_0000065,,136.93
,Active,3606222,[],CHEMBL1614471,PUBCHEM_BIOASSAY: Inhibitors of Mycobacterial Glucosamine-1-phosphate acetyl transferase (GlmU). Secondary screen. (Class of assay: confirmatory) ,B,,,BAO_0000190,BAO_0000357,single protein format,O=C(O)c1cccc(Cn2c(Cl)c(/C=N/NC(=O)c3cc4ccccc4cc3O)sc2=O)c1,Outside typical range,"Values for this activity type are unusually large/small, so may not be accurate",CHEMBL1201862,,,,CHEMBL2005973,,CHEMBL2005973,,0,http://www.openphacts.org/units/Nanomolar,1150120,=,7,1,=,,IC50,nM,,134170,CHEMBL1293297,Mycobacterium tuberculosis,Bifunctional protein GlmU,1773,,,IC50,um,UO_0000065,,134.17
,Active,3606223,[],CHEMBL1614471,PUBCHEM_BIOASSAY: Inhibitors of Mycobacterial Glucosamine-1-phosphate acetyl transferase (GlmU). Secondary screen. (Class of assay: confirmatory) ,B,,,BAO_0000190,BAO_0000357,single protein format,CC(=O)OCCNc1cc(Sc2nc3ccccc3[nH]2)c2nonc2c1[N+](=O)[O-],Outside typical range,"Values for this activity type are unusually large/small, so may not be accurate",CHEMBL1201862,,,,CHEMBL1609419,,CHEMBL1609419,,0,http://www.openphacts.org/units/Nanomolar,1026102,=,7,1,=,,IC50,nM,,116160,CHEMBL1293297,Mycobacterium tuberculosis,Bifunctional protein GlmU,1773,,,IC50,um,UO_0000065,,116.16
,Active,3606224,[],CHEMBL1614471,PUBCHEM_BIOASSAY: Inhibitors of Mycobacterial Glucosamine-1-phosphate acetyl transferase (GlmU). Secondary screen. (Class of assay: confirmatory) ,B,,,BAO_0000190,BAO_0000357,single protein format,O=C(Nc1cccc(Oc2ccc(C(=O)O)c(C(=O)O)c2)c1)c1ccc(-c2ccccc2)cc1,Outside typical range,"Values for this activity type are unusually large/small, so may not be accurate",CHEMBL1201862,,,,CHEMBL1462687,,CHEMBL1462687,,0,http://www.openphacts.org/units/Nanomolar,1107278,=,7,1,=,,IC50,nM,,146850,CHEMBL1293297,Mycobacterium tuberculosis,Bifunctional protein GlmU,1773,,,IC50,um,UO_0000065,,146.85
,Active,3606225,[],CHEMBL1614471,PUBCHEM_BIOASSAY: Inhibitors of Mycobacterial Glucosamine-1-phosphate acetyl transferase (GlmU). Secondary screen. (Class of assay: confirmatory) ,B,,,BAO_0000190,BAO_0000357,single protein format,Cc1cccc(N2C(=O)NC(=O)/C(=C/c3ccc([N+](=O)[O-])o3)C2=O)c1,Outside typical range,"Values for this activity type are unusually large/small, so may not be accurate",CHEMBL1201862,,,,CHEMBL1381433,,CHEMBL1381433,,0,http://www.openphacts.org/units/Nanomolar,1033728,=,7,1,=,,IC50,nM,,148900,CHEMBL1293297,Mycobacterium tuberculosis,Bifunctional protein GlmU,1773,,,IC50,um,UO_0000065,,148.9
,Active,3606226,[],CHEMBL1614471,PUBCHEM_BIOASSAY: Inhibitors of Mycobacterial Glucosamine-1-phosphate acetyl transferase (GlmU). Secondary screen. (Class of assay: confirmatory) ,B,,,BAO_0000190,BAO_0000357,single protein format,O=C(O)c1cccc(-c2ccc(/C=N/NC(=O)c3cccnc3)o2)c1,Outside typical range,"Values for this activity type are unusually large/small, so may not be accurate",CHEMBL1201862,,,,CHEMBL3197264,,CHEMBL3197264,,0,http://www.openphacts.org/units/Nanomolar,1025662,=,7,1,=,,IC50,nM,,185200,CHEMBL1293297,Mycobacterium tuberculosis,Bifunctional protein GlmU,1773,,,IC50,um,UO_0000065,,185.2
,Active,3606227,[],CHEMBL1614471,PUBCHEM_BIOASSAY: Inhibitors of Mycobacterial Glucosamine-1-phosphate acetyl transferase (GlmU). Secondary screen. (Class of assay: confirmatory) ,B,,,BAO_0000190,BAO_0000357,single protein format,O=C1OCC2OC(O)C(O)C(O)C2OC(=O)c2cc(O)c(O)c(O)c2-c2c(O)c(O)c3oc(=O)c4c(c(O)c(O)c5oc(=O)c2c3c54)-c2c1cc(O)c(O)c2O,,,CHEMBL1201862,,,,CHEMBL416615,,CHEMBL416615,,0,http://www.openphacts.org/units/Nanomolar,1151341,<,7,1,<,,IC50,nM,,1000,CHEMBL1293297,Mycobacterium tuberculosis,Bifunctional protein GlmU,1773,,,IC50,um,UO_0000065,,1
,Active,3606228,[],CHEMBL1614471,PUBCHEM_BIOASSAY: Inhibitors of Mycobacterial Glucosamine-1-phosphate acetyl transferase (GlmU). Secondary screen. (Class of assay: confirmatory) ,B,,,BAO_0000190,BAO_0000357,single protein format,O=C(NN1C(=O)/C(=C/C=C/c2ccco2)SC1=S)c1ccccc1O,,,CHEMBL1201862,,,"{'bei': '10.99', 'le': '0.22', 'lle': '1.00', 'sei': '4.95'}",CHEMBL1320230,,CHEMBL1320230,4.09,0,http://www.openphacts.org/units/Nanomolar,1148361,=,7,1,=,,IC50,nM,,80620,CHEMBL1293297,Mycobacterium tuberculosis,Bifunctional protein GlmU,1773,,,IC50,um,UO_0000065,,80.62
,Active,3606229,[],CHEMBL1614471,PUBCHEM_BIOASSAY: Inhibitors of Mycobacterial Glucosamine-1-phosphate acetyl transferase (GlmU). Secondary screen. (Class of assay: confirmatory) ,B,,,BAO_0000190,BAO_0000357,single protein format,COc1ccc(N2C(=O)C(Cl)=C(Nc3ccccc3O)C2=O)cc1,,,CHEMBL1201862,,,"{'bei': '12.39', 'le': '0.24', 'lle': '1.43', 'sei': '5.42'}",CHEMBL1320111,,CHEMBL1320111,4.27,0,http://www.openphacts.org/units/Nanomolar,1001365,=,7,1,=,,IC50,nM,,53600,CHEMBL1293297,Mycobacterium tuberculosis,Bifunctional protein GlmU,1773,,,IC50,um,UO_0000065,,53.6
,Active,3606230,[],CHEMBL1614471,PUBCHEM_BIOASSAY: Inhibitors of Mycobacterial Glucosamine-1-phosphate acetyl transferase (GlmU). Secondary screen. (Class of assay: confirmatory) ,B,,,BAO_0000190,BAO_0000357,single protein format,Nc1nonc1C(=O)N/N=C/c1ccc(-c2cccc(C(=O)O)c2)o1,Outside typical range,"Values for this activity type are unusually large/small, so may not be accurate",CHEMBL1201862,,,,CHEMBL3194666,,CHEMBL3194666,,0,http://www.openphacts.org/units/Nanomolar,1097160,=,7,1,=,,IC50,nM,,188130,CHEMBL1293297,Mycobacterium tuberculosis,Bifunctional protein GlmU,1773,,,IC50,um,UO_0000065,,188.13
,Active,3606231,[],CHEMBL1614471,PUBCHEM_BIOASSAY: Inhibitors of Mycobacterial Glucosamine-1-phosphate acetyl transferase (GlmU). Secondary screen. (Class of assay: confirmatory) ,B,,,BAO_0000190,BAO_0000357,single protein format,N#C/C(=C/c1ccc(-c2cc(C(=O)O)cc(C(=O)O)c2)o1)c1nc2ccccc2s1,,,CHEMBL1201862,,,"{'bei': '11.33', 'le': '0.21', 'lle': '-0.30', 'sei': '3.79'}",CHEMBL1604012,,CHEMBL1604012,4.72,0,http://www.openphacts.org/units/Nanomolar,1099196,=,7,1,=,,IC50,nM,,19120,CHEMBL1293297,Mycobacterium tuberculosis,Bifunctional protein GlmU,1773,,,IC50,um,UO_0000065,,19.12
,Active,3606232,[],CHEMBL1614471,PUBCHEM_BIOASSAY: Inhibitors of Mycobacterial Glucosamine-1-phosphate acetyl transferase (GlmU). Secondary screen. (Class of assay: confirmatory) ,B,,,BAO_0000190,BAO_0000357,single protein format,Cc1cc(/C=N/NC(=O)c2cccc(N(C)C)c2)c(C)n1-c1cc(C(=O)O)cc(C(=O)O)c1,Outside typical range,"Values for this activity type are unusually large/small, so may not be accurate",CHEMBL1201862,,,,CHEMBL3195145,,CHEMBL3195145,,0,http://www.openphacts.org/units/Nanomolar,1117462,=,7,1,=,,IC50,nM,,165650,CHEMBL1293297,Mycobacterium tuberculosis,Bifunctional protein GlmU,1773,,,IC50,um,UO_0000065,,165.65
,Active,3606233,[],CHEMBL1614471,PUBCHEM_BIOASSAY: Inhibitors of Mycobacterial Glucosamine-1-phosphate acetyl transferase (GlmU). Secondary screen. (Class of assay: confirmatory) ,B,,,BAO_0000190,BAO_0000357,single protein format,O=C1CSC(=S)N1/N=C/c1ccc(O)c(O)c1O,,,CHEMBL1201862,,,"{'bei': '17.97', 'le': '0.39', 'lle': '4.11', 'sei': '5.47'}",CHEMBL1987928,,CHEMBL1987928,5.11,0,http://www.openphacts.org/units/Nanomolar,1149730,=,7,1,=,,IC50,nM,,7790,CHEMBL1293297,Mycobacterium tuberculosis,Bifunctional protein GlmU,1773,,,IC50,um,UO_0000065,,7.79
,Active,3606234,[],CHEMBL1614471,PUBCHEM_BIOASSAY: Inhibitors of Mycobacterial Glucosamine-1-phosphate acetyl transferase (GlmU). Secondary screen. (Class of assay: confirmatory) ,B,,,BAO_0000190,BAO_0000357,single protein format,Cc1cc(/C=c2\sc3nc4ccccc4n3c2=O)c(C)n1-c1ccc(C(=O)O)cc1,Outside typical range,"Values for this activity type are unusually large/small, so may not be accurate",CHEMBL1201862,,,,CHEMBL3191954,,CHEMBL3191954,,0,http://www.openphacts.org/units/Nanomolar,1118132,=,7,1,=,,IC50,nM,,170830,CHEMBL1293297,Mycobacterium tuberculosis,Bifunctional protein GlmU,1773,,,IC50,um,UO_0000065,,170.83
,Active,3606235,[],CHEMBL1614471,PUBCHEM_BIOASSAY: Inhibitors of Mycobacterial Glucosamine-1-phosphate acetyl transferase (GlmU). Secondary screen. (Class of assay: confirmatory) ,B,,,BAO_0000190,BAO_0000357,single protein format,O=C1NC(=O)N(c2ccccc2F)C(=O)/C1=C/c1ccc(Sc2nc3ccccc3[nH]2)o1,Outside typical range,"Values for this activity type are unusually large/small, so may not be accurate",CHEMBL1201862,,,,CHEMBL1432627,,CHEMBL1432627,,0,http://www.openphacts.org/units/Nanomolar,1024466,=,7,1,=,,IC50,nM,,219120,CHEMBL1293297,Mycobacterium tuberculosis,Bifunctional protein GlmU,1773,,,IC50,um,UO_0000065,,219.12
,Active,3606236,[],CHEMBL1614471,PUBCHEM_BIOASSAY: Inhibitors of Mycobacterial Glucosamine-1-phosphate acetyl transferase (GlmU). Secondary screen. (Class of assay: confirmatory) ,B,,,BAO_0000190,BAO_0000357,single protein format,O=C(O)c1c2c(nc3ccccc13)/C(=C/c1ccc(O)cc1)CC2,Outside typical range,"Values for this activity type are unusually large/small, so may not be accurate",CHEMBL1201862,,,,CHEMBL1563317,,CHEMBL1563317,,0,http://www.openphacts.org/units/Nanomolar,1139561,=,7,1,=,,IC50,nM,,123940,CHEMBL1293297,Mycobacterium tuberculosis,Bifunctional protein GlmU,1773,,,IC50,um,UO_0000065,,123.94
,Active,3606237,[],CHEMBL1614471,PUBCHEM_BIOASSAY: Inhibitors of Mycobacterial Glucosamine-1-phosphate acetyl transferase (GlmU). Secondary screen. (Class of assay: confirmatory) ,B,,,BAO_0000190,BAO_0000357,single protein format,O=C1NC(=S)S/C1=C\C=C\c1ccc([N+](=O)[O-])o1,,,CHEMBL1201862,,,"{'bei': '16.72', 'le': '0.36', 'lle': '2.49', 'sei': '5.53'}",CHEMBL69612,,CHEMBL69612,4.72,0,http://www.openphacts.org/units/Nanomolar,1125734,=,7,1,=,,IC50,nM,,19070,CHEMBL1293297,Mycobacterium tuberculosis,Bifunctional protein GlmU,1773,,,IC50,um,UO_0000065,,19.07
,Active,3606238,[],CHEMBL1614471,PUBCHEM_BIOASSAY: Inhibitors of Mycobacterial Glucosamine-1-phosphate acetyl transferase (GlmU). Secondary screen. (Class of assay: confirmatory) ,B,,,BAO_0000190,BAO_0000357,single protein format,CCN(CC)c1ccc(/C=C2\C(=O)c3ccc(C(=O)O)cc3C2=O)cc1,,,CHEMBL1201862,,,"{'bei': '12.66', 'le': '0.23', 'lle': '0.73', 'sei': '5.92'}",CHEMBL1573529,,CHEMBL1573529,4.42,0,http://www.openphacts.org/units/Nanomolar,1027609,=,7,1,=,,IC50,nM,,37680,CHEMBL1293297,Mycobacterium tuberculosis,Bifunctional protein GlmU,1773,,,IC50,um,UO_0000065,,37.68
,Active,3606239,[],CHEMBL1614471,PUBCHEM_BIOASSAY: Inhibitors of Mycobacterial Glucosamine-1-phosphate acetyl transferase (GlmU). Secondary screen. (Class of assay: confirmatory) ,B,,,BAO_0000190,BAO_0000357,single protein format,CC(C(=O)O)N1C(=O)/C(=C/C=C/c2ccco2)SC1=S,,,CHEMBL1201862,,,"{'bei': '13.61', 'le': '0.29', 'lle': '1.70', 'sei': '5.95'}",CHEMBL255881,,CHEMBL255881,4.21,0,http://www.openphacts.org/units/Nanomolar,1000609,=,7,1,=,,IC50,nM,,61420,CHEMBL1293297,Mycobacterium tuberculosis,Bifunctional protein GlmU,1773,,,IC50,um,UO_0000065,,61.42
,Active,3606240,[],CHEMBL1614471,PUBCHEM_BIOASSAY: Inhibitors of Mycobacterial Glucosamine-1-phosphate acetyl transferase (GlmU). Secondary screen. (Class of assay: confirmatory) ,B,,,BAO_0000190,BAO_0000357,single protein format,O=C(O)c1ccc(-n2cccc2/C=N\NC(=O)c2cc3cc(Br)ccc3o2)cc1,,,CHEMBL1201862,,,"{'bei': '9.24', 'le': '0.20', 'lle': '-0.27', 'sei': '4.32'}",CHEMBL2007178,,CHEMBL2007178,4.18,0,http://www.openphacts.org/units/Nanomolar,1151819,=,7,1,=,,IC50,nM,,66040,CHEMBL1293297,Mycobacterium tuberculosis,Bifunctional protein GlmU,1773,,,IC50,um,UO_0000065,,66.04
,Active,3606241,[],CHEMBL1614471,PUBCHEM_BIOASSAY: Inhibitors of Mycobacterial Glucosamine-1-phosphate acetyl transferase (GlmU). Secondary screen. (Class of assay: confirmatory) ,B,,,BAO_0000190,BAO_0000357,single protein format,CC1C=CC(C)C(C(=O)O)C1C(=O)O,Outside typical range,"Values for this activity type are unusually large/small, so may not be accurate",CHEMBL1201862,,,,CHEMBL1460052,,CHEMBL1460052,,0,http://www.openphacts.org/units/Nanomolar,1278813,=,7,1,=,,IC50,nM,,143560,CHEMBL1293297,Mycobacterium tuberculosis,Bifunctional protein GlmU,1773,,,IC50,um,UO_0000065,,143.56
,Active,3606242,[],CHEMBL1614471,PUBCHEM_BIOASSAY: Inhibitors of Mycobacterial Glucosamine-1-phosphate acetyl transferase (GlmU). Secondary screen. (Class of assay: confirmatory) ,B,,,BAO_0000190,BAO_0000357,single protein format,O=C1NC(=O)C(=Cc2ccc(Sc3ccccc3)o2)C(=O)N1,Outside typical range,"Values for this activity type are unusually large/small, so may not be accurate",CHEMBL1201862,,,,CHEMBL1571258,,CHEMBL1571258,,0,http://www.openphacts.org/units/Nanomolar,1142432,=,7,1,=,,IC50,nM,,368900,CHEMBL1293297,Mycobacterium tuberculosis,Bifunctional protein GlmU,1773,,,IC50,um,UO_0000065,,368.9
,Active,3606243,[],CHEMBL1614471,PUBCHEM_BIOASSAY: Inhibitors of Mycobacterial Glucosamine-1-phosphate acetyl transferase (GlmU). Secondary screen. (Class of assay: confirmatory) ,B,,,BAO_0000190,BAO_0000357,single protein format,COc1cc(/C=C2/C(=O)c3cccc([N+](=O)[O-])c3C2=O)c(Br)cc1O,,,CHEMBL1201862,,,"{'bei': '10.43', 'le': '0.23', 'lle': '0.69', 'sei': '3.95'}",CHEMBL1420642,,CHEMBL1420642,4.21,0,http://www.openphacts.org/units/Nanomolar,1026011,=,7,1,=,,IC50,nM,,60900,CHEMBL1293297,Mycobacterium tuberculosis,Bifunctional protein GlmU,1773,,,IC50,um,UO_0000065,,60.9
,Active,3606244,[],CHEMBL1614471,PUBCHEM_BIOASSAY: Inhibitors of Mycobacterial Glucosamine-1-phosphate acetyl transferase (GlmU). Secondary screen. (Class of assay: confirmatory) ,B,,,BAO_0000190,BAO_0000357,single protein format,CN(C)S(=O)(=O)c1cccc(NC(=S)N/N=C/c2ccc(O)c(O)c2O)c1,,,CHEMBL1201862,,,"{'bei': '10.15', 'le': '0.21', 'lle': '2.79', 'sei': '3.10'}",CHEMBL3192541,,CHEMBL3192541,4.17,0,http://www.openphacts.org/units/Nanomolar,1150936,=,7,1,=,,IC50,nM,,68400,CHEMBL1293297,Mycobacterium tuberculosis,Bifunctional protein GlmU,1773,,,IC50,um,UO_0000065,,68.4
,Active,3606245,[],CHEMBL1614471,PUBCHEM_BIOASSAY: Inhibitors of Mycobacterial Glucosamine-1-phosphate acetyl transferase (GlmU). Secondary screen. (Class of assay: confirmatory) ,B,,,BAO_0000190,BAO_0000357,single protein format,Cc1cccc(N2NC(=O)/C(=C/c3ccc(-c4ccc(Cl)c(C(=O)O)c4)o3)C2=O)c1,Outside typical range,"Values for this activity type are unusually large/small, so may not be accurate",CHEMBL1201862,,,,CHEMBL1400620,,CHEMBL1400620,,0,http://www.openphacts.org/units/Nanomolar,1093795,=,7,1,=,,IC50,nM,,122460,CHEMBL1293297,Mycobacterium tuberculosis,Bifunctional protein GlmU,1773,,,IC50,um,UO_0000065,,122.46
,Active,3606246,[],CHEMBL1614471,PUBCHEM_BIOASSAY: Inhibitors of Mycobacterial Glucosamine-1-phosphate acetyl transferase (GlmU). Secondary screen. (Class of assay: confirmatory) ,B,,,BAO_0000190,BAO_0000357,single protein format,Oc1ccc(/C=N/N=C(c2ccccc2)c2ccccc2)c(O)c1O,,,CHEMBL1201862,,,"{'bei': '14.19', 'le': '0.26', 'lle': '1.04', 'sei': '5.52'}",CHEMBL1966224,,CHEMBL1966224,4.71,0,http://www.openphacts.org/units/Nanomolar,1043811,=,7,1,=,,IC50,nM,,19290,CHEMBL1293297,Mycobacterium tuberculosis,Bifunctional protein GlmU,1773,,,IC50,um,UO_0000065,,19.29
,Active,3606247,[],CHEMBL1614471,PUBCHEM_BIOASSAY: Inhibitors of Mycobacterial Glucosamine-1-phosphate acetyl transferase (GlmU). Secondary screen. (Class of assay: confirmatory) ,B,,,BAO_0000190,BAO_0000357,single protein format,O=C(CCCN1C(=O)/C(=C/c2ccco2)SC1=S)Nc1ccccc1C(=O)O,,,CHEMBL1201862,,,"{'bei': '9.76', 'le': '0.20', 'lle': '0.47', 'sei': '4.07'}",CHEMBL1546656,,CHEMBL1546656,4.07,0,http://www.openphacts.org/units/Nanomolar,1143463,=,7,1,=,,IC50,nM,,86020,CHEMBL1293297,Mycobacterium tuberculosis,Bifunctional protein GlmU,1773,,,IC50,um,UO_0000065,,86.02
,Active,3606248,[],CHEMBL1614471,PUBCHEM_BIOASSAY: Inhibitors of Mycobacterial Glucosamine-1-phosphate acetyl transferase (GlmU). Secondary screen. (Class of assay: confirmatory) ,B,,,BAO_0000190,BAO_0000357,single protein format,CCN(CC)c1ccc(/C=C2/C(=O)c3ccc(C(=O)O)cc3C2=O)cc1,,,CHEMBL1201862,,,"{'bei': '12.78', 'le': '0.23', 'lle': '0.78', 'sei': '5.98'}",CHEMBL1390833,,CHEMBL1390833,4.46,0,http://www.openphacts.org/units/Nanomolar,1029630,=,7,1,=,,IC50,nM,,34270,CHEMBL1293297,Mycobacterium tuberculosis,Bifunctional protein GlmU,1773,,,IC50,um,UO_0000065,,34.27
,Active,3606249,[],CHEMBL1614471,PUBCHEM_BIOASSAY: Inhibitors of Mycobacterial Glucosamine-1-phosphate acetyl transferase (GlmU). Secondary screen. (Class of assay: confirmatory) ,B,,,BAO_0000190,BAO_0000357,single protein format,CC1(C)CCCN(C(=O)c2coc(=O)c(Br)c2)C1,,,CHEMBL1201862,,,"{'bei': '14.87', 'le': '0.35', 'lle': '2.01', 'sei': '9.25'}",CHEMBL1539325,,CHEMBL1539325,4.67,0,http://www.openphacts.org/units/Nanomolar,1304894,=,7,1,=,,IC50,nM,,21250,CHEMBL1293297,Mycobacterium tuberculosis,Bifunctional protein GlmU,1773,,,IC50,um,UO_0000065,,21.25
,Active,3606250,[],CHEMBL1614471,PUBCHEM_BIOASSAY: Inhibitors of Mycobacterial Glucosamine-1-phosphate acetyl transferase (GlmU). Secondary screen. (Class of assay: confirmatory) ,B,,,BAO_0000190,BAO_0000357,single protein format,Cc1c(Nc2cc(Cl)c3nonc3c2[N+](=O)[O-])c(=O)n(-c2ccccc2)n1C,Outside typical range,"Values for this activity type are unusually large/small, so may not be accurate",CHEMBL1201862,,,,CHEMBL1303426,,CHEMBL1303426,,0,http://www.openphacts.org/units/Nanomolar,1109437,=,7,1,=,,IC50,nM,,123070,CHEMBL1293297,Mycobacterium tuberculosis,Bifunctional protein GlmU,1773,,,IC50,um,UO_0000065,,123.07
,Active,3606251,[],CHEMBL1614471,PUBCHEM_BIOASSAY: Inhibitors of Mycobacterial Glucosamine-1-phosphate acetyl transferase (GlmU). Secondary screen. (Class of assay: confirmatory) ,B,,,BAO_0000190,BAO_0000357,single protein format,CC(C)C(C(=O)O)N1C(=O)/C(=C/C=C/c2ccco2)SC1=S,,,CHEMBL1201862,,,"{'bei': '12.80', 'le': '0.27', 'lle': '1.17', 'sei': '6.11'}",CHEMBL257359,,CHEMBL257359,4.32,0,http://www.openphacts.org/units/Nanomolar,1000527,=,7,1,=,,IC50,nM,,47900,CHEMBL1293297,Mycobacterium tuberculosis,Bifunctional protein GlmU,1773,,,IC50,um,UO_0000065,,47.9
,Active,3606252,[],CHEMBL1614471,PUBCHEM_BIOASSAY: Inhibitors of Mycobacterial Glucosamine-1-phosphate acetyl transferase (GlmU). Secondary screen. (Class of assay: confirmatory) ,B,,,BAO_0000190,BAO_0000357,single protein format,N=C1/C(=C\c2ccc(-c3ccc(C(=O)O)cc3)o2)C(=O)N=C2SC=C(c3ccccc3)N12,Outside typical range,"Values for this activity type are unusually large/small, so may not be accurate",CHEMBL1201862,,,,CHEMBL1488925,,CHEMBL1488925,,0,http://www.openphacts.org/units/Nanomolar,1152147,=,7,1,=,,IC50,nM,,182100,CHEMBL1293297,Mycobacterium tuberculosis,Bifunctional protein GlmU,1773,,,IC50,um,UO_0000065,,182.1
,Active,3606253,[],CHEMBL1614471,PUBCHEM_BIOASSAY: Inhibitors of Mycobacterial Glucosamine-1-phosphate acetyl transferase (GlmU). Secondary screen. (Class of assay: confirmatory) ,B,,,BAO_0000190,BAO_0000357,single protein format,O=C(O)c1cccc(-c2ccc(/C=c3/sc4nc5ccccc5n4c3=O)o2)c1,Outside typical range,"Values for this activity type are unusually large/small, so may not be accurate",CHEMBL1201862,,,,CHEMBL1991573,,CHEMBL1991573,,0,http://www.openphacts.org/units/Nanomolar,1150112,=,7,1,=,,IC50,nM,,101440,CHEMBL1293297,Mycobacterium tuberculosis,Bifunctional protein GlmU,1773,,,IC50,um,UO_0000065,,101.44
,Active,3606254,[],CHEMBL1614471,PUBCHEM_BIOASSAY: Inhibitors of Mycobacterial Glucosamine-1-phosphate acetyl transferase (GlmU). Secondary screen. (Class of assay: confirmatory) ,B,,,BAO_0000190,BAO_0000357,single protein format,N=C1S/C(=C\c2ccc(-c3ccccc3C(=O)O)o2)C(=O)N1c1ccc2c(c1)OCO2,Outside typical range,"Values for this activity type are unusually large/small, so may not be accurate",CHEMBL1201862,,,,CHEMBL1571704,,CHEMBL1571704,,0,http://www.openphacts.org/units/Nanomolar,1108932,=,7,1,=,,IC50,nM,,153240,CHEMBL1293297,Mycobacterium tuberculosis,Bifunctional protein GlmU,1773,,,IC50,um,UO_0000065,,153.24
,Active,3606255,[],CHEMBL1614471,PUBCHEM_BIOASSAY: Inhibitors of Mycobacterial Glucosamine-1-phosphate acetyl transferase (GlmU). Secondary screen. (Class of assay: confirmatory) ,B,,,BAO_0000190,BAO_0000357,single protein format,O=c1c(C(c2ccccn2)c2c(O)oc3ccccc3c2=O)c(O)oc2ccccc12,Outside typical range,"Values for this activity type are unusually large/small, so may not be accurate",CHEMBL1201862,,,,CHEMBL1456386,,CHEMBL1456386,,0,http://www.openphacts.org/units/Nanomolar,1149107,=,7,1,=,,IC50,nM,,152360,CHEMBL1293297,Mycobacterium tuberculosis,Bifunctional protein GlmU,1773,,,IC50,um,UO_0000065,,152.36
,Active,3606256,[],CHEMBL1614471,PUBCHEM_BIOASSAY: Inhibitors of Mycobacterial Glucosamine-1-phosphate acetyl transferase (GlmU). Secondary screen. (Class of assay: confirmatory) ,B,,,BAO_0000190,BAO_0000357,single protein format,O=[N+]([O-])c1ccc(Sc2cccc[n+]2[O-])c2nonc12,,,CHEMBL1201862,,,"{'bei': '14.26', 'le': '0.28', 'lle': '2.22', 'sei': '3.80'}",CHEMBL505670,,CHEMBL505670,4.14,0,http://www.openphacts.org/units/Nanomolar,1148292,=,7,1,=,,IC50,nM,,72600,CHEMBL1293297,Mycobacterium tuberculosis,Bifunctional protein GlmU,1773,,,IC50,um,UO_0000065,,72.6
,Active,3606257,[],CHEMBL1614471,PUBCHEM_BIOASSAY: Inhibitors of Mycobacterial Glucosamine-1-phosphate acetyl transferase (GlmU). Secondary screen. (Class of assay: confirmatory) ,B,,,BAO_0000190,BAO_0000357,single protein format,CC(=O)c1ccc2c(c1)C1C=CCC1C(C(=O)O)N2,Outside typical range,"Values for this activity type are unusually large/small, so may not be accurate",CHEMBL1201862,,,,CHEMBL1567396,,CHEMBL1567396,,0,http://www.openphacts.org/units/Nanomolar,1107101,=,7,1,=,,IC50,nM,,109580,CHEMBL1293297,Mycobacterium tuberculosis,Bifunctional protein GlmU,1773,,,IC50,um,UO_0000065,,109.58
,Active,3606258,[],CHEMBL1614471,PUBCHEM_BIOASSAY: Inhibitors of Mycobacterial Glucosamine-1-phosphate acetyl transferase (GlmU). Secondary screen. (Class of assay: confirmatory) ,B,,,BAO_0000190,BAO_0000357,single protein format,CCS(=O)(=O)C1=NN2C(=N)/C(=C\c3ccc(SCc4ccco4)o3)C(=O)N=C2S1,,,CHEMBL1201862,,,"{'bei': '9.56', 'le': '0.20', 'lle': '1.13', 'sei': '3.33'}",CHEMBL1381264,,CHEMBL1381264,4.31,0,http://www.openphacts.org/units/Nanomolar,1116149,=,7,1,=,,IC50,nM,,49400,CHEMBL1293297,Mycobacterium tuberculosis,Bifunctional protein GlmU,1773,,,IC50,um,UO_0000065,,49.4
,Active,3606259,[],CHEMBL1614471,PUBCHEM_BIOASSAY: Inhibitors of Mycobacterial Glucosamine-1-phosphate acetyl transferase (GlmU). Secondary screen. (Class of assay: confirmatory) ,B,,,BAO_0000190,BAO_0000357,single protein format,C=CC#CC[N+]1(CC#Cc2ccccc2)CCOCC1.[Br-],Outside typical range,"Values for this activity type are unusually large/small, so may not be accurate",CHEMBL1201862,,,,CHEMBL1393256,,CHEMBL1626302,,0,http://www.openphacts.org/units/Nanomolar,1042293,=,7,1,=,,IC50,nM,,123670,CHEMBL1293297,Mycobacterium tuberculosis,Bifunctional protein GlmU,1773,,,IC50,um,UO_0000065,,123.67
,Active,3606260,[],CHEMBL1614471,PUBCHEM_BIOASSAY: Inhibitors of Mycobacterial Glucosamine-1-phosphate acetyl transferase (GlmU). Secondary screen. (Class of assay: confirmatory) ,B,,,BAO_0000190,BAO_0000357,single protein format,CCN(CC)C(=S)SSC(=S)N(CC)CC,,,CHEMBL1201862,,,"{'bei': '13.73', 'le': '0.35', 'lle': '0.45', 'sei': '62.82'}",CHEMBL964,DISULFIRAM,CHEMBL964,4.07,0,http://www.openphacts.org/units/Nanomolar,980191,=,7,1,=,,IC50,nM,,85030,CHEMBL1293297,Mycobacterium tuberculosis,Bifunctional protein GlmU,1773,,,IC50,um,UO_0000065,,85.03
,Active,3606261,[],CHEMBL1614471,PUBCHEM_BIOASSAY: Inhibitors of Mycobacterial Glucosamine-1-phosphate acetyl transferase (GlmU). Secondary screen. (Class of assay: confirmatory) ,B,,,BAO_0000190,BAO_0000357,single protein format,CC1=NN(c2ccc(Cl)c(C(=O)O)c2)C(=O)/C1=C\c1ccc(-c2ccc(C(=O)O)cc2)o1,,,CHEMBL1201862,,,"{'bei': '8.93', 'le': '0.17', 'lle': '-0.77', 'sei': '3.34'}",CHEMBL1492926,,CHEMBL1492926,4.03,0,http://www.openphacts.org/units/Nanomolar,1126058,=,7,1,=,,IC50,nM,,94070,CHEMBL1293297,Mycobacterium tuberculosis,Bifunctional protein GlmU,1773,,,IC50,um,UO_0000065,,94.07
,Active,3606262,[],CHEMBL1614471,PUBCHEM_BIOASSAY: Inhibitors of Mycobacterial Glucosamine-1-phosphate acetyl transferase (GlmU). Secondary screen. (Class of assay: confirmatory) ,B,,,BAO_0000190,BAO_0000357,single protein format,O=C(O)c1cccc(Nc2cc(Cl)c3nonc3c2[N+](=O)[O-])c1,Outside typical range,"Values for this activity type are unusually large/small, so may not be accurate",CHEMBL1201862,,,,CHEMBL1432590,,CHEMBL1432590,,0,http://www.openphacts.org/units/Nanomolar,1097584,=,7,1,=,,IC50,nM,,130760,CHEMBL1293297,Mycobacterium tuberculosis,Bifunctional protein GlmU,1773,,,IC50,um,UO_0000065,,130.76
,Active,3606263,[],CHEMBL1614471,PUBCHEM_BIOASSAY: Inhibitors of Mycobacterial Glucosamine-1-phosphate acetyl transferase (GlmU). Secondary screen. (Class of assay: confirmatory) ,B,,,BAO_0000190,BAO_0000357,single protein format,O=c1c(O)cccc2cc(O)c(O)c(O)c12,,,CHEMBL1201862,,,"{'bei': '21.20', 'le': '0.40', 'lle': '3.65', 'sei': '4.76'}",CHEMBL66953,PURPUROGALLIN,CHEMBL66953,4.67,0,http://www.openphacts.org/units/Nanomolar,1147316,=,7,1,=,,IC50,nM,,21500,CHEMBL1293297,Mycobacterium tuberculosis,Bifunctional protein GlmU,1773,,,IC50,um,UO_0000065,,21.5
,Active,3606264,[],CHEMBL1614471,PUBCHEM_BIOASSAY: Inhibitors of Mycobacterial Glucosamine-1-phosphate acetyl transferase (GlmU). Secondary screen. (Class of assay: confirmatory) ,B,,,BAO_0000190,BAO_0000357,single protein format,O=C(O)CCCCC1CCSS1,,,CHEMBL1201862,,,"{'bei': '26.21', 'le': '0.62', 'lle': '2.62', 'sei': '14.50'}",CHEMBL33864,"LIPOIC ACID, ALPHA",CHEMBL33864,5.41,0,http://www.openphacts.org/units/Nanomolar,980065,=,7,1,=,,IC50,nM,,3910,CHEMBL1293297,Mycobacterium tuberculosis,Bifunctional protein GlmU,1773,,,IC50,um,UO_0000065,,3.91
,Active,3606265,[],CHEMBL1614471,PUBCHEM_BIOASSAY: Inhibitors of Mycobacterial Glucosamine-1-phosphate acetyl transferase (GlmU). Secondary screen. (Class of assay: confirmatory) ,B,,,BAO_0000190,BAO_0000357,single protein format,O=C1C(Cl)=C(Nc2ccccc2O)C(=O)N1CCc1ccccc1,,,CHEMBL1201862,,,"{'bei': '11.87', 'le': '0.23', 'lle': '1.20', 'sei': '5.84'}",CHEMBL1398944,,CHEMBL1398944,4.07,0,http://www.openphacts.org/units/Nanomolar,1024692,=,7,1,=,,IC50,nM,,85280,CHEMBL1293297,Mycobacterium tuberculosis,Bifunctional protein GlmU,1773,,,IC50,um,UO_0000065,,85.28
,Active,3606266,[],CHEMBL1614471,PUBCHEM_BIOASSAY: Inhibitors of Mycobacterial Glucosamine-1-phosphate acetyl transferase (GlmU). Secondary screen. (Class of assay: confirmatory) ,B,,,BAO_0000190,BAO_0000357,single protein format,N#C/C(=C\c1ccc(O)c([N+](=O)[O-])c1)c1nc2ccccc2s1,,,CHEMBL1201862,,,"{'bei': '12.82', 'le': '0.25', 'lle': '0.17', 'sei': '4.14'}",CHEMBL1583537,,CHEMBL1583537,4.14,0,http://www.openphacts.org/units/Nanomolar,1126249,=,7,1,=,,IC50,nM,,71820,CHEMBL1293297,Mycobacterium tuberculosis,Bifunctional protein GlmU,1773,,,IC50,um,UO_0000065,,71.82
,Active,3606267,[],CHEMBL1614471,PUBCHEM_BIOASSAY: Inhibitors of Mycobacterial Glucosamine-1-phosphate acetyl transferase (GlmU). Secondary screen. (Class of assay: confirmatory) ,B,,,BAO_0000190,BAO_0000357,single protein format,CC(C)S(=O)(=O)C1=NSC2=NC(=O)/C(=C\c3ccc(-c4cccc(C(=O)O)c4)o3)C(=N)N21,,,CHEMBL1201862,,,"{'bei': '10.31', 'le': '0.21', 'lle': '1.83', 'sei': '3.17'}",CHEMBL1457077,,CHEMBL1457077,4.87,0,http://www.openphacts.org/units/Nanomolar,1125575,=,7,1,=,,IC50,nM,,13480,CHEMBL1293297,Mycobacterium tuberculosis,Bifunctional protein GlmU,1773,,,IC50,um,UO_0000065,,13.48
,Active,3606268,[],CHEMBL1614471,PUBCHEM_BIOASSAY: Inhibitors of Mycobacterial Glucosamine-1-phosphate acetyl transferase (GlmU). Secondary screen. (Class of assay: confirmatory) ,B,,,BAO_0000190,BAO_0000357,single protein format,CCOC(=O)c1sc2nc3c(SCC(=O)O)cc(C(=O)c4cc(F)ccc4O)cn3c(=O)c2c1C,Outside typical range,"Values for this activity type are unusually large/small, so may not be accurate",CHEMBL1201862,,,,CHEMBL1497894,,CHEMBL1497894,,0,http://www.openphacts.org/units/Nanomolar,1047284,=,7,1,=,,IC50,nM,,1073410,CHEMBL1293297,Mycobacterium tuberculosis,Bifunctional protein GlmU,1773,,,IC50,um,UO_0000065,,1073.41
,Active,3606269,[],CHEMBL1614471,PUBCHEM_BIOASSAY: Inhibitors of Mycobacterial Glucosamine-1-phosphate acetyl transferase (GlmU). Secondary screen. (Class of assay: confirmatory) ,B,,,BAO_0000190,BAO_0000357,single protein format,O=C(N/N=C/c1ccc(-c2ccc(Cl)c(C(=O)O)c2)o1)c1cc2c(ccc3ccccc32)o1,,,CHEMBL1201862,,,"{'bei': '9.22', 'le': '0.18', 'lle': '-1.73', 'sei': '4.03'}",CHEMBL1967185,,CHEMBL1967185,4.23,0,http://www.openphacts.org/units/Nanomolar,1151812,=,7,1,=,,IC50,nM,,58780,CHEMBL1293297,Mycobacterium tuberculosis,Bifunctional protein GlmU,1773,,,IC50,um,UO_0000065,,58.78
,Active,3606270,[],CHEMBL1614471,PUBCHEM_BIOASSAY: Inhibitors of Mycobacterial Glucosamine-1-phosphate acetyl transferase (GlmU). Secondary screen. (Class of assay: confirmatory) ,B,,,BAO_0000190,BAO_0000357,single protein format,O=C1NN(c2ccccc2)C(=O)/C1=C/c1ccc(-c2ccc(Cl)c(C(=O)O)c2)o1,,,CHEMBL1201862,,,"{'bei': '10.02', 'le': '0.19', 'lle': '0.33', 'sei': '4.10'}",CHEMBL1535285,,CHEMBL1535285,4.09,0,http://www.openphacts.org/units/Nanomolar,1125856,=,7,1,=,,IC50,nM,,80400,CHEMBL1293297,Mycobacterium tuberculosis,Bifunctional protein GlmU,1773,,,IC50,um,UO_0000065,,80.4
,Active,3606271,[],CHEMBL1614471,PUBCHEM_BIOASSAY: Inhibitors of Mycobacterial Glucosamine-1-phosphate acetyl transferase (GlmU). Secondary screen. (Class of assay: confirmatory) ,B,,,BAO_0000190,BAO_0000357,single protein format,CCCC(=O)OCCNc1cc(Sc2nccn2C)c2nonc2c1[N+](=O)[O-],Outside typical range,"Values for this activity type are unusually large/small, so may not be accurate",CHEMBL1201862,,,,CHEMBL1385690,,CHEMBL1385690,,0,http://www.openphacts.org/units/Nanomolar,1031813,=,7,1,=,,IC50,nM,,135720,CHEMBL1293297,Mycobacterium tuberculosis,Bifunctional protein GlmU,1773,,,IC50,um,UO_0000065,,135.72
,Active,3606272,[],CHEMBL1614471,PUBCHEM_BIOASSAY: Inhibitors of Mycobacterial Glucosamine-1-phosphate acetyl transferase (GlmU). Secondary screen. (Class of assay: confirmatory) ,B,,,BAO_0000190,BAO_0000357,single protein format,O=C(O)C[C@@H]1C(=O)O[C@@H]2C(COC(=O)c3cc(O)c(O)c(O)c3)O[C@@H](OC(=O)c3cc(O)c(O)c(O)c3)[C@@H](OC(=O)c3cc(O)c(O)c4c3[C@H]1[C@H](O)C(=O)O4)[C@H]2OC(=O)c1cc(O)c(O)c(O)c1,Outside typical range,"Values for this activity type are unusually large/small, so may not be accurate",CHEMBL1201862,,,,CHEMBL1391063,,CHEMBL1391063,,0,http://www.openphacts.org/units/Nanomolar,1151340,>,7,1,>,,IC50,nM,,9999000,CHEMBL1293297,Mycobacterium tuberculosis,Bifunctional protein GlmU,1773,,,IC50,um,UO_0000065,,9999
,Active,3606273,[],CHEMBL1614471,PUBCHEM_BIOASSAY: Inhibitors of Mycobacterial Glucosamine-1-phosphate acetyl transferase (GlmU). Secondary screen. (Class of assay: confirmatory) ,B,,,BAO_0000190,BAO_0000357,single protein format,O=C1Nc2ccccc2C(=O)C1(Cl)Cc1ccccc1,,,CHEMBL1201862,,,"{'bei': '14.70', 'le': '0.29', 'lle': '1.16', 'sei': '9.10'}",CHEMBL1565164,,CHEMBL1565164,4.2,0,http://www.openphacts.org/units/Nanomolar,1013964,=,7,1,=,,IC50,nM,,62930,CHEMBL1293297,Mycobacterium tuberculosis,Bifunctional protein GlmU,1773,,,IC50,um,UO_0000065,,62.93
,Active,3606274,[],CHEMBL1614471,PUBCHEM_BIOASSAY: Inhibitors of Mycobacterial Glucosamine-1-phosphate acetyl transferase (GlmU). Secondary screen. (Class of assay: confirmatory) ,B,,,BAO_0000190,BAO_0000357,single protein format,CS(=O)(=O)c1ccc2c(c1)SC1=NC(=O)/C(=C/c3ccc(O)c(O)c3)C(=N)N12,Outside typical range,"Values for this activity type are unusually large/small, so may not be accurate",CHEMBL1201862,,,,CHEMBL1321572,,CHEMBL1321572,,0,http://www.openphacts.org/units/Nanomolar,1150434,=,7,1,=,,IC50,nM,,159090,CHEMBL1293297,Mycobacterium tuberculosis,Bifunctional protein GlmU,1773,,,IC50,um,UO_0000065,,159.09
,Active,3606275,[],CHEMBL1614471,PUBCHEM_BIOASSAY: Inhibitors of Mycobacterial Glucosamine-1-phosphate acetyl transferase (GlmU). Secondary screen. (Class of assay: confirmatory) ,B,,,BAO_0000190,BAO_0000357,single protein format,O=C(O)c1cc(N2N=C(C(F)(F)F)/C(=C/C=C/c3ccco3)C2=O)ccc1Cl,,,CHEMBL1201862,,,"{'bei': '9.80', 'le': '0.20', 'lle': '-0.51', 'sei': '4.84'}",CHEMBL1398964,,CHEMBL1398964,4.03,0,http://www.openphacts.org/units/Nanomolar,1104037,=,7,1,=,,IC50,nM,,94300,CHEMBL1293297,Mycobacterium tuberculosis,Bifunctional protein GlmU,1773,,,IC50,um,UO_0000065,,94.3
,Active,3606276,[],CHEMBL1614471,PUBCHEM_BIOASSAY: Inhibitors of Mycobacterial Glucosamine-1-phosphate acetyl transferase (GlmU). Secondary screen. (Class of assay: confirmatory) ,B,,,BAO_0000190,BAO_0000357,single protein format,Cc1n[nH]c(S/C(=C\c2ccc(-c3ccc(C(=O)O)c(Cl)c3)o2)C(=O)O)n1,,,CHEMBL1201862,,,"{'bei': '10.37', 'le': '0.21', 'lle': '0.27', 'sei': '3.25'}",CHEMBL1560833,,CHEMBL1560833,4.21,0,http://www.openphacts.org/units/Nanomolar,1149955,=,7,1,=,,IC50,nM,,61870,CHEMBL1293297,Mycobacterium tuberculosis,Bifunctional protein GlmU,1773,,,IC50,um,UO_0000065,,61.87
,Active,3606277,[],CHEMBL1614471,PUBCHEM_BIOASSAY: Inhibitors of Mycobacterial Glucosamine-1-phosphate acetyl transferase (GlmU). Secondary screen. (Class of assay: confirmatory) ,B,,,BAO_0000190,BAO_0000357,single protein format,C=C(C)C(=O)Nc1cccc(C2=NOC3(C2)C[C@H](C(N)=O)N(C(=O)COc2ccc(Cl)cc2)C3)c1,Outside typical range,"Values for this activity type are unusually large/small, so may not be accurate",CHEMBL1201862,,,,CHEMBL1509377,,CHEMBL1509377,,0,http://www.openphacts.org/units/Nanomolar,1151238,=,7,1,=,,IC50,nM,,118060,CHEMBL1293297,Mycobacterium tuberculosis,Bifunctional protein GlmU,1773,,,IC50,um,UO_0000065,,118.06
,Active,3606278,[],CHEMBL1614471,PUBCHEM_BIOASSAY: Inhibitors of Mycobacterial Glucosamine-1-phosphate acetyl transferase (GlmU). Secondary screen. (Class of assay: confirmatory) ,B,,,BAO_0000190,BAO_0000357,single protein format,O=C(O)c1ccc(-c2ccc(/C=C3\NC(=O)N(Cc4ccc(Cl)cc4)C3=O)o2)cc1Cl,,,CHEMBL1201862,,,"{'bei': '9.13', 'le': '0.18', 'lle': '-0.87', 'sei': '4.18'}",CHEMBL1377441,,CHEMBL1377441,4.17,0,http://www.openphacts.org/units/Nanomolar,1108526,=,7,1,=,,IC50,nM,,67070,CHEMBL1293297,Mycobacterium tuberculosis,Bifunctional protein GlmU,1773,,,IC50,um,UO_0000065,,67.07
,Active,3606279,[],CHEMBL1614471,PUBCHEM_BIOASSAY: Inhibitors of Mycobacterial Glucosamine-1-phosphate acetyl transferase (GlmU). Secondary screen. (Class of assay: confirmatory) ,B,,,BAO_0000190,BAO_0000357,single protein format,O=C1C=CC(=O)N1CCCCCCN1C(=O)C=CC1=O,Outside typical range,"Values for this activity type are unusually large/small, so may not be accurate",CHEMBL1201862,,,,CHEMBL567422,,CHEMBL567422,,0,http://www.openphacts.org/units/Nanomolar,1027541,=,7,1,=,,IC50,nM,,118320,CHEMBL1293297,Mycobacterium tuberculosis,Bifunctional protein GlmU,1773,,,IC50,um,UO_0000065,,118.32
,Active,3606280,[],CHEMBL1614471,PUBCHEM_BIOASSAY: Inhibitors of Mycobacterial Glucosamine-1-phosphate acetyl transferase (GlmU). Secondary screen. (Class of assay: confirmatory) ,B,,,BAO_0000190,BAO_0000357,single protein format,CNC(=O)c1nnsc1[S+]([O-])c1ccc(Cl)cc1,Outside typical range,"Values for this activity type are unusually large/small, so may not be accurate",CHEMBL1201862,,,,CHEMBL1440303,,CHEMBL1440303,,0,http://www.openphacts.org/units/Nanomolar,1120279,=,7,1,=,,IC50,nM,,108430,CHEMBL1293297,Mycobacterium tuberculosis,Bifunctional protein GlmU,1773,,,IC50,um,UO_0000065,,108.43
,Active,3606281,[],CHEMBL1614471,PUBCHEM_BIOASSAY: Inhibitors of Mycobacterial Glucosamine-1-phosphate acetyl transferase (GlmU). Secondary screen. (Class of assay: confirmatory) ,B,,,BAO_0000190,BAO_0000357,single protein format,Cc1nc(Nc2ccc(C(=O)O)cc2)nc(Nc2ccc(C(=O)O)cc2)c1[N+](=O)[O-],Outside typical range,"Values for this activity type are unusually large/small, so may not be accurate",CHEMBL1201862,,,,CHEMBL1371132,,CHEMBL1371132,,0,http://www.openphacts.org/units/Nanomolar,1088920,=,7,1,=,,IC50,nM,,211110,CHEMBL1293297,Mycobacterium tuberculosis,Bifunctional protein GlmU,1773,,,IC50,um,UO_0000065,,211.11
,Active,3606282,[],CHEMBL1614471,PUBCHEM_BIOASSAY: Inhibitors of Mycobacterial Glucosamine-1-phosphate acetyl transferase (GlmU). Secondary screen. (Class of assay: confirmatory) ,B,,,BAO_0000190,BAO_0000357,single protein format,Nc1ccc2nc3c(O)nc(S)nc3nc2c1,,,CHEMBL1201862,,,"{'bei': '19.79', 'le': '0.39', 'lle': '3.70', 'sei': '4.96'}",CHEMBL1429070,,CHEMBL1429070,4.85,0,http://www.openphacts.org/units/Nanomolar,1151754,=,7,1,=,,IC50,nM,,14000,CHEMBL1293297,Mycobacterium tuberculosis,Bifunctional protein GlmU,1773,,,IC50,um,UO_0000065,,14
,Active,3606283,[],CHEMBL1614471,PUBCHEM_BIOASSAY: Inhibitors of Mycobacterial Glucosamine-1-phosphate acetyl transferase (GlmU). Secondary screen. (Class of assay: confirmatory) ,B,,,BAO_0000190,BAO_0000357,single protein format,CSc1nnc(SCc2nc(O)c3c(C)c(C(=O)O)sc3n2)s1,,,CHEMBL1201862,,,"{'bei': '10.65', 'le': '0.24', 'lle': '0.85', 'sei': '3.77'}",CHEMBL1306005,,CHEMBL1306005,4.12,0,http://www.openphacts.org/units/Nanomolar,1149368,=,7,1,=,,IC50,nM,,76190,CHEMBL1293297,Mycobacterium tuberculosis,Bifunctional protein GlmU,1773,,,IC50,um,UO_0000065,,76.19
,Active,3606284,[],CHEMBL1614471,PUBCHEM_BIOASSAY: Inhibitors of Mycobacterial Glucosamine-1-phosphate acetyl transferase (GlmU). Secondary screen. (Class of assay: confirmatory) ,B,,,BAO_0000190,BAO_0000357,single protein format,Cc1c(C)n(C(=O)CSc2nc3ccccc3[nH]2)c2ccccc12,,,CHEMBL1201862,,,"{'bei': '13.17', 'le': '0.25', 'lle': '-0.15', 'sei': '8.72'}",CHEMBL1304345,,CHEMBL1304345,4.42,0,http://www.openphacts.org/units/Nanomolar,1004070,=,7,1,=,,IC50,nM,,38210,CHEMBL1293297,Mycobacterium tuberculosis,Bifunctional protein GlmU,1773,,,IC50,um,UO_0000065,,38.21
,Active,3606285,[],CHEMBL1614471,PUBCHEM_BIOASSAY: Inhibitors of Mycobacterial Glucosamine-1-phosphate acetyl transferase (GlmU). Secondary screen. (Class of assay: confirmatory) ,B,,,BAO_0000190,BAO_0000357,single protein format,CCc1c(C)[nH]n(-c2ccc(Oc3ccccc3)c(S(=O)(=O)O)c2)c1=O,Outside typical range,"Values for this activity type are unusually large/small, so may not be accurate",CHEMBL1201862,,,,CHEMBL3145017,,CHEMBL3145017,,0,http://www.openphacts.org/units/Nanomolar,1280672,=,7,1,=,,IC50,nM,,157450,CHEMBL1293297,Mycobacterium tuberculosis,Bifunctional protein GlmU,1773,,,IC50,um,UO_0000065,,157.45
,Active,3606286,[],CHEMBL1614471,PUBCHEM_BIOASSAY: Inhibitors of Mycobacterial Glucosamine-1-phosphate acetyl transferase (GlmU). Secondary screen. (Class of assay: confirmatory) ,B,,,BAO_0000190,BAO_0000357,single protein format,O=C1CCCC(=O)C1=NNc1cccc(C(=O)O)c1,Outside typical range,"Values for this activity type are unusually large/small, so may not be accurate",CHEMBL1201862,,,,CHEMBL1452185,,CHEMBL1452185,,0,http://www.openphacts.org/units/Nanomolar,1139061,=,7,1,=,,IC50,nM,,120060,CHEMBL1293297,Mycobacterium tuberculosis,Bifunctional protein GlmU,1773,,,IC50,um,UO_0000065,,120.06
,Active,3606287,[],CHEMBL1614471,PUBCHEM_BIOASSAY: Inhibitors of Mycobacterial Glucosamine-1-phosphate acetyl transferase (GlmU). Secondary screen. (Class of assay: confirmatory) ,B,,,BAO_0000190,BAO_0000357,single protein format,COc1ccccc1N1C(=O)C(Cl)=C(Nc2ccccc2O)C1=O,,,CHEMBL1201862,,,"{'bei': '11.72', 'le': '0.23', 'lle': '1.20', 'sei': '5.12'}",CHEMBL1518952,,CHEMBL1518952,4.04,0,http://www.openphacts.org/units/Nanomolar,1118366,=,7,1,=,,IC50,nM,,90880,CHEMBL1293297,Mycobacterium tuberculosis,Bifunctional protein GlmU,1773,,,IC50,um,UO_0000065,,90.88
,Active,3606288,[],CHEMBL1614471,PUBCHEM_BIOASSAY: Inhibitors of Mycobacterial Glucosamine-1-phosphate acetyl transferase (GlmU). Secondary screen. (Class of assay: confirmatory) ,B,,,BAO_0000190,BAO_0000357,single protein format,N=C1/C(=C\c2ccc(-c3cccc(C(=O)O)c3)o2)C(=O)N=C2SC=C(c3ccccc3)N12,Outside typical range,"Values for this activity type are unusually large/small, so may not be accurate",CHEMBL1201862,,,,CHEMBL1501743,,CHEMBL1501743,,0,http://www.openphacts.org/units/Nanomolar,1149797,=,7,1,=,,IC50,nM,,129300,CHEMBL1293297,Mycobacterium tuberculosis,Bifunctional protein GlmU,1773,,,IC50,um,UO_0000065,,129.3
,Active,3606289,[],CHEMBL1614471,PUBCHEM_BIOASSAY: Inhibitors of Mycobacterial Glucosamine-1-phosphate acetyl transferase (GlmU). Secondary screen. (Class of assay: confirmatory) ,B,,,BAO_0000190,BAO_0000357,single protein format,O=c1oc2ccccc2c(O)c1[C@H]1c2ccc(O)cc2Oc2c1c(=O)oc1ccccc21,Outside typical range,"Values for this activity type are unusually large/small, so may not be accurate",CHEMBL1201862,,,,CHEMBL1532491,,CHEMBL1532491,,0,http://www.openphacts.org/units/Nanomolar,1151811,=,7,1,=,,IC50,nM,,117180,CHEMBL1293297,Mycobacterium tuberculosis,Bifunctional protein GlmU,1773,,,IC50,um,UO_0000065,,117.18
,Active,3606290,[],CHEMBL1614471,PUBCHEM_BIOASSAY: Inhibitors of Mycobacterial Glucosamine-1-phosphate acetyl transferase (GlmU). Secondary screen. (Class of assay: confirmatory) ,B,,,BAO_0000190,BAO_0000357,single protein format,Cn1cnc([N+](=O)[O-])c1S(=O)(=O)c1ccc(Cl)cc1,Outside typical range,"Values for this activity type are unusually large/small, so may not be accurate",CHEMBL1201862,,,,CHEMBL1508896,,CHEMBL1508896,,0,http://www.openphacts.org/units/Nanomolar,1042199,=,7,1,=,,IC50,nM,,101490,CHEMBL1293297,Mycobacterium tuberculosis,Bifunctional protein GlmU,1773,,,IC50,um,UO_0000065,,101.49
,Active,3606291,[],CHEMBL1614471,PUBCHEM_BIOASSAY: Inhibitors of Mycobacterial Glucosamine-1-phosphate acetyl transferase (GlmU). Secondary screen. (Class of assay: confirmatory) ,B,,,BAO_0000190,BAO_0000357,single protein format,N#C/C(=C\c1ccc(-c2ccc(C(=O)O)cc2)o1)c1nc2ccccc2[nH]1,,,CHEMBL1201862,,,"{'bei': '12.07', 'le': '0.22', 'lle': '-0.30', 'sei': '4.17'}",CHEMBL236615,,CHEMBL236615,4.29,0,http://www.openphacts.org/units/Nanomolar,1094972,=,7,1,=,,IC50,nM,,51330,CHEMBL1293297,Mycobacterium tuberculosis,Bifunctional protein GlmU,1773,,,IC50,um,UO_0000065,,51.33
,Active,3606292,[],CHEMBL1614471,PUBCHEM_BIOASSAY: Inhibitors of Mycobacterial Glucosamine-1-phosphate acetyl transferase (GlmU). Secondary screen. (Class of assay: confirmatory) ,B,,,BAO_0000190,BAO_0000357,single protein format,Cc1ccc(/C=C2/SC(=O)NC2=S)o1,Outside typical range,"Values for this activity type are unusually large/small, so may not be accurate",CHEMBL1201862,,,,CHEMBL1429158,,CHEMBL1429158,,0,http://www.openphacts.org/units/Nanomolar,1115130,=,7,1,=,,IC50,nM,,170420,CHEMBL1293297,Mycobacterium tuberculosis,Bifunctional protein GlmU,1773,,,IC50,um,UO_0000065,,170.42
,Active,3606293,[],CHEMBL1614471,PUBCHEM_BIOASSAY: Inhibitors of Mycobacterial Glucosamine-1-phosphate acetyl transferase (GlmU). Secondary screen. (Class of assay: confirmatory) ,B,,,BAO_0000190,BAO_0000357,single protein format,Cc1ccc(OCC(=O)N/N=C\c2ccc(-c3cccc(C(=O)O)c3)o2)c(C)c1,Outside typical range,"Values for this activity type are unusually large/small, so may not be accurate",CHEMBL1201862,,,,CHEMBL3197798,,CHEMBL3197798,,0,http://www.openphacts.org/units/Nanomolar,1026460,=,7,1,=,,IC50,nM,,136640,CHEMBL1293297,Mycobacterium tuberculosis,Bifunctional protein GlmU,1773,,,IC50,um,UO_0000065,,136.64
,Active,3606294,[],CHEMBL1614471,PUBCHEM_BIOASSAY: Inhibitors of Mycobacterial Glucosamine-1-phosphate acetyl transferase (GlmU). Secondary screen. (Class of assay: confirmatory) ,B,,,BAO_0000190,BAO_0000357,single protein format,O=C(O)c1ccc(Nc2cc(Cl)c3nonc3c2[N+](=O)[O-])cc1,,,CHEMBL1201862,,,"{'bei': '12.06', 'le': '0.24', 'lle': '0.81', 'sei': '3.07'}",CHEMBL1364221,,CHEMBL1364221,4.04,0,http://www.openphacts.org/units/Nanomolar,1123126,=,7,1,=,,IC50,nM,,91960,CHEMBL1293297,Mycobacterium tuberculosis,Bifunctional protein GlmU,1773,,,IC50,um,UO_0000065,,91.96
,Active,3606295,[],CHEMBL1614471,PUBCHEM_BIOASSAY: Inhibitors of Mycobacterial Glucosamine-1-phosphate acetyl transferase (GlmU). Secondary screen. (Class of assay: confirmatory) ,B,,,BAO_0000190,BAO_0000357,single protein format,N/C(=N\N=C/c1ccc(-c2ccc(O)c(C(=O)O)c2)o1)N[N+](=O)[O-],,,CHEMBL1201862,,,"{'bei': '13.64', 'le': '0.26', 'lle': '3.77', 'sei': '2.57'}",CHEMBL1981657,,CHEMBL1981657,4.55,0,http://www.openphacts.org/units/Nanomolar,1022309,=,7,1,=,,IC50,nM,,28410,CHEMBL1293297,Mycobacterium tuberculosis,Bifunctional protein GlmU,1773,,,IC50,um,UO_0000065,,28.41
,Active,3606296,[],CHEMBL1614471,PUBCHEM_BIOASSAY: Inhibitors of Mycobacterial Glucosamine-1-phosphate acetyl transferase (GlmU). Secondary screen. (Class of assay: confirmatory) ,B,,,BAO_0000190,BAO_0000357,single protein format,O=C(c1coc(=O)c(Br)c1)N1CCOCC1,,,CHEMBL1201862,,,"{'bei': '14.07', 'le': '0.35', 'lle': '3.18', 'sei': '6.79'}",CHEMBL1539235,,CHEMBL1539235,4.05,0,http://www.openphacts.org/units/Nanomolar,1302869,=,7,1,=,,IC50,nM,,88270,CHEMBL1293297,Mycobacterium tuberculosis,Bifunctional protein GlmU,1773,,,IC50,um,UO_0000065,,88.27
,Active,3606297,[],CHEMBL1614471,PUBCHEM_BIOASSAY: Inhibitors of Mycobacterial Glucosamine-1-phosphate acetyl transferase (GlmU). Secondary screen. (Class of assay: confirmatory) ,B,,,BAO_0000190,BAO_0000357,single protein format,O=C(O)c1cc(-c2ccco2)nc2ccc(Br)cc12,,,CHEMBL1201862,,,"{'bei': '12.85', 'le': '0.29', 'lle': '0.13', 'sei': '6.45'}",CHEMBL1393131,,CHEMBL1393131,4.09,0,http://www.openphacts.org/units/Nanomolar,1184064,=,7,1,=,,IC50,nM,,81860,CHEMBL1293297,Mycobacterium tuberculosis,Bifunctional protein GlmU,1773,,,IC50,um,UO_0000065,,81.86
,Active,3606298,[],CHEMBL1614471,PUBCHEM_BIOASSAY: Inhibitors of Mycobacterial Glucosamine-1-phosphate acetyl transferase (GlmU). Secondary screen. (Class of assay: confirmatory) ,B,,,BAO_0000190,BAO_0000357,single protein format,Cc1cc(/C=C2\C(=O)NC(=O)N(Cc3ccccc3)C2=O)c(C)n1-c1ccc(Cl)c(C(=O)O)c1,,,CHEMBL1201862,,,"{'bei': '8.67', 'le': '0.17', 'lle': '0.03', 'sei': '3.81'}",CHEMBL1361920,,CHEMBL1361920,4.14,0,http://www.openphacts.org/units/Nanomolar,1038108,=,7,1,=,,IC50,nM,,71930,CHEMBL1293297,Mycobacterium tuberculosis,Bifunctional protein GlmU,1773,,,IC50,um,UO_0000065,,71.93
,Active,3606299,[],CHEMBL1614471,PUBCHEM_BIOASSAY: Inhibitors of Mycobacterial Glucosamine-1-phosphate acetyl transferase (GlmU). Secondary screen. (Class of assay: confirmatory) ,B,,,BAO_0000190,BAO_0000357,single protein format,O=C(O)c1ccc(N2C(=O)c3cccc4c(C(=O)O)ccc(c34)C2=O)cc1,,,CHEMBL1201862,,,"{'bei': '11.08', 'le': '0.20', 'lle': '0.96', 'sei': '3.58'}",CHEMBL1492995,,CHEMBL1492995,4,0,http://www.openphacts.org/units/Nanomolar,1091662,=,7,1,=,,IC50,nM,,98910,CHEMBL1293297,Mycobacterium tuberculosis,Bifunctional protein GlmU,1773,,,IC50,um,UO_0000065,,98.91
,Active,3606300,[],CHEMBL1614471,PUBCHEM_BIOASSAY: Inhibitors of Mycobacterial Glucosamine-1-phosphate acetyl transferase (GlmU). Secondary screen. (Class of assay: confirmatory) ,B,,,BAO_0000190,BAO_0000357,single protein format,Cc1ccc(NC(=O)CN2C(=O)N/C(=C/c3cccn3-c3ccc(C(=O)O)cc3)C2=O)cc1,,,CHEMBL1201862,,,"{'bei': '10.20', 'le': '0.19', 'lle': '1.51', 'sei': '3.75'}",CHEMBL1427775,,CHEMBL1427775,4.53,0,http://www.openphacts.org/units/Nanomolar,1025517,=,7,1,=,,IC50,nM,,29430,CHEMBL1293297,Mycobacterium tuberculosis,Bifunctional protein GlmU,1773,,,IC50,um,UO_0000065,,29.43
,Active,3606301,[],CHEMBL1614471,PUBCHEM_BIOASSAY: Inhibitors of Mycobacterial Glucosamine-1-phosphate acetyl transferase (GlmU). Secondary screen. (Class of assay: confirmatory) ,B,,,BAO_0000190,BAO_0000357,single protein format,COC(=O)c1ccccc1NC(=O)CCS(=O)(=O)c1ccc(Br)cc1,,,CHEMBL1201862,,,"{'bei': '10.66', 'le': '0.25', 'lle': '1.50', 'sei': '5.07'}",CHEMBL1501577,,CHEMBL1501577,4.54,0,http://www.openphacts.org/units/Nanomolar,1098225,=,7,1,=,,IC50,nM,,28630,CHEMBL1293297,Mycobacterium tuberculosis,Bifunctional protein GlmU,1773,,,IC50,um,UO_0000065,,28.63
,Active,3606302,[],CHEMBL1614471,PUBCHEM_BIOASSAY: Inhibitors of Mycobacterial Glucosamine-1-phosphate acetyl transferase (GlmU). Secondary screen. (Class of assay: confirmatory) ,B,,,BAO_0000190,BAO_0000357,single protein format,O=C1C(=Cc2ccc(Br)o2)C(=O)c2ccccc21,,,CHEMBL1201862,,,"{'bei': '15.62', 'le': '0.36', 'lle': '1.23', 'sei': '10.01'}",CHEMBL1495778,,CHEMBL1495778,4.73,0,http://www.openphacts.org/units/Nanomolar,1043196,=,7,1,=,,IC50,nM,,18470,CHEMBL1293297,Mycobacterium tuberculosis,Bifunctional protein GlmU,1773,,,IC50,um,UO_0000065,,18.47
,Active,3606303,[],CHEMBL1614471,PUBCHEM_BIOASSAY: Inhibitors of Mycobacterial Glucosamine-1-phosphate acetyl transferase (GlmU). Secondary screen. (Class of assay: confirmatory) ,B,,,BAO_0000190,BAO_0000357,single protein format,CCCSc1nnc(NC(=O)c2sc3nc(-c4cccs4)ccc3c2N)s1,Outside typical range,"Values for this activity type are unusually large/small, so may not be accurate",CHEMBL1201862,,,,CHEMBL1530553,,CHEMBL1530553,,0,http://www.openphacts.org/units/Nanomolar,1180876,=,7,1,=,,IC50,nM,,166670,CHEMBL1293297,Mycobacterium tuberculosis,Bifunctional protein GlmU,1773,,,IC50,um,UO_0000065,,166.67
,Active,3606304,[],CHEMBL1614471,PUBCHEM_BIOASSAY: Inhibitors of Mycobacterial Glucosamine-1-phosphate acetyl transferase (GlmU). Secondary screen. (Class of assay: confirmatory) ,B,,,BAO_0000190,BAO_0000357,single protein format,CCCNC(=O)c1nnsc1[S+]([O-])c1ccc(Cl)cc1,Outside typical range,"Values for this activity type are unusually large/small, so may not be accurate",CHEMBL1201862,,,,CHEMBL1409883,,CHEMBL1409883,,0,http://www.openphacts.org/units/Nanomolar,1120352,=,7,1,=,,IC50,nM,,102870,CHEMBL1293297,Mycobacterium tuberculosis,Bifunctional protein GlmU,1773,,,IC50,um,UO_0000065,,102.87
,Active,3606305,[],CHEMBL1614471,PUBCHEM_BIOASSAY: Inhibitors of Mycobacterial Glucosamine-1-phosphate acetyl transferase (GlmU). Secondary screen. (Class of assay: confirmatory) ,B,,,BAO_0000190,BAO_0000357,single protein format,O=C(Nc1ccc(Oc2ccc(C(=O)O)c(C(=O)O)c2)cc1)c1cccs1,,,CHEMBL1201862,,,"{'bei': '10.46', 'le': '0.20', 'lle': '-0.18', 'sei': '3.55'}",CHEMBL1510581,,CHEMBL1510581,4.01,0,http://www.openphacts.org/units/Nanomolar,1107622,=,7,1,=,,IC50,nM,,97350,CHEMBL1293297,Mycobacterium tuberculosis,Bifunctional protein GlmU,1773,,,IC50,um,UO_0000065,,97.35
,Active,3606306,[],CHEMBL1614471,PUBCHEM_BIOASSAY: Inhibitors of Mycobacterial Glucosamine-1-phosphate acetyl transferase (GlmU). Secondary screen. (Class of assay: confirmatory) ,B,,,BAO_0000190,BAO_0000357,single protein format,CC1=C(C#N)c2nc(N)c(C#N)c(C)c2/C1=C\c1ccc(-c2ccccc2C(=O)O)o1,,,CHEMBL1201862,,,"{'bei': '10.17', 'le': '0.18', 'lle': '-0.50', 'sei': '3.03'}",CHEMBL1447211,,CHEMBL1447211,4.15,0,http://www.openphacts.org/units/Nanomolar,1123561,=,7,1,=,,IC50,nM,,70340,CHEMBL1293297,Mycobacterium tuberculosis,Bifunctional protein GlmU,1773,,,IC50,um,UO_0000065,,70.34
,Active,3606307,[],CHEMBL1614471,PUBCHEM_BIOASSAY: Inhibitors of Mycobacterial Glucosamine-1-phosphate acetyl transferase (GlmU). Secondary screen. (Class of assay: confirmatory) ,B,,,BAO_0000190,BAO_0000357,single protein format,O=C1NN(c2cccc(F)c2)C(=O)/C1=C1\C(=O)Nc2ccccc21,Outside typical range,"Values for this activity type are unusually large/small, so may not be accurate",CHEMBL1201862,,,,CHEMBL1381152,,CHEMBL1381152,,0,http://www.openphacts.org/units/Nanomolar,1027584,=,7,1,=,,IC50,nM,,199110,CHEMBL1293297,Mycobacterium tuberculosis,Bifunctional protein GlmU,1773,,,IC50,um,UO_0000065,,199.11
,Active,3606308,[],CHEMBL1614471,PUBCHEM_BIOASSAY: Inhibitors of Mycobacterial Glucosamine-1-phosphate acetyl transferase (GlmU). Secondary screen. (Class of assay: confirmatory) ,B,,,BAO_0000190,BAO_0000357,single protein format,Cc1ccc(/C=C2/C(=O)c3ccc(C(=O)O)cc3C2=O)o1,Outside typical range,"Values for this activity type are unusually large/small, so may not be accurate",CHEMBL1201862,,,,CHEMBL1325440,,CHEMBL1325440,,0,http://www.openphacts.org/units/Nanomolar,1106630,=,7,1,=,,IC50,nM,,174460,CHEMBL1293297,Mycobacterium tuberculosis,Bifunctional protein GlmU,1773,,,IC50,um,UO_0000065,,174.46
,,5146292,[],CHEMBL1664949,Uncompetitive inhibition of Acetyltransferase activity of Escherichia coli BL21(DE3) GlmU in presence of GlcN-1P,B,,,BAO_0000179,BAO_0000357,single protein format,Nc1ccc(Nc2ccc(N)cc2S(=O)(=O)O)cc1,,,CHEMBL1649466,Antimicrob Agents Chemother,2009,,CHEMBL560968,,CHEMBL560968,,0,http://www.openphacts.org/units/Nanomolar,1326481,=,1,0,=,,Kiuc,nM,,189,CHEMBL3414415,Escherichia coli (strain K12),Bifunctional protein GlmU,83333,,,Kiuc,nM,UO_0000065,,189
,,5146293,[],CHEMBL1664949,Uncompetitive inhibition of Acetyltransferase activity of Escherichia coli BL21(DE3) GlmU in presence of GlcN-1P,B,,,BAO_0000179,BAO_0000357,single protein format,O=S(=O)(Nc1ccc(S(=O)(=O)c2ccc(-c3ccc(S(=O)(=O)c4ccc(NS(=O)(=O)c5ccc(Cl)cc5)c(Cl)c4)cc3)cc2)cc1Cl)c1ccc(Cl)cc1,,,CHEMBL1649466,Antimicrob Agents Chemother,2009,,CHEMBL1652296,,CHEMBL1652296,,0,,1326482,=,1,0,=,,Kiuc,10'3nM,,1.11,CHEMBL3414415,Escherichia coli (strain K12),Bifunctional protein GlmU,83333,,,Kiuc,10'3nM,,,1.11
,,5146294,[],CHEMBL1664948,Competitive inhibition of Acetyltransferase activity of Escherichia coli BL21(DE3) GlmU in presence of AcCoA,B,,,BAO_0000179,BAO_0000357,single protein format,Nc1ccc(Nc2ccc(N)cc2S(=O)(=O)O)cc1,,,CHEMBL1649466,Antimicrob Agents Chemother,2009,,CHEMBL560968,,CHEMBL560968,,0,http://www.openphacts.org/units/Nanomolar,1326481,=,1,0,=,,Kic,nM,,17.2,CHEMBL3414415,Escherichia coli (strain K12),Bifunctional protein GlmU,83333,,,Kic,nM,UO_0000065,,17.2
,,5146295,[],CHEMBL1664948,Competitive inhibition of Acetyltransferase activity of Escherichia coli BL21(DE3) GlmU in presence of AcCoA,B,,,BAO_0000179,BAO_0000357,single protein format,O=S(=O)(Nc1ccc(S(=O)(=O)c2ccc(-c3ccc(S(=O)(=O)c4ccc(NS(=O)(=O)c5ccc(Cl)cc5)c(Cl)c4)cc3)cc2)cc1Cl)c1ccc(Cl)cc1,,,CHEMBL1649466,Antimicrob Agents Chemother,2009,,CHEMBL1652296,,CHEMBL1652296,,0,http://www.openphacts.org/units/Nanomolar,1326482,=,1,0,=,,Kic,nM,,404,CHEMBL3414415,Escherichia coli (strain K12),Bifunctional protein GlmU,83333,,,Kic,nM,UO_0000065,,404
,,5146296,[],CHEMBL1664948,Competitive inhibition of Acetyltransferase activity of Escherichia coli BL21(DE3) GlmU in presence of AcCoA,B,,,BAO_0000179,BAO_0000357,single protein format,O=C(CSc1nnc(SCC(=O)NCCSCc2ccco2)s1)NCCSCc1ccco1,,,CHEMBL1649466,Antimicrob Agents Chemother,2009,,CHEMBL1652297,,CHEMBL1652297,,0,http://www.openphacts.org/units/Nanomolar,1326483,=,1,0,=,,Kic,nM,,22.8,CHEMBL3414415,Escherichia coli (strain K12),Bifunctional protein GlmU,83333,,,Kic,nM,UO_0000065,,22.8
,,5146297,[],CHEMBL1664950,Uncompetitive inhibition of Acetyltransferase activity of Escherichia coli BL21(DE3) GlmU in presence of AcCoA,B,,,BAO_0000179,BAO_0000357,single protein format,O=C(CSc1nnc(SCC(=O)NCCSCc2ccco2)s1)NCCSCc1ccco1,,,CHEMBL1649466,Antimicrob Agents Chemother,2009,,CHEMBL1652297,,CHEMBL1652297,,0,http://www.openphacts.org/units/Nanomolar,1326483,=,1,0,=,,Kiuc,nM,,100.9,CHEMBL3414415,Escherichia coli (strain K12),Bifunctional protein GlmU,83333,,,Kiuc,nM,UO_0000065,,100.9
,,8032317,[],CHEMBL1953925,Inhibition of Streptococcus pneumoniae acetyltransferase activity of GlmU using acetyl-CoA and glucosamine-1-phosphate after 30 mins by Ellman's method,B,,,BAO_0000190,BAO_0000357,single protein format,COc1cc(OC)c(S(=O)(=O)N2c3ccccc3CC2C)cc1NC(C)=O,Outside typical range,"Values for this activity type are unusually large/small, so may not be accurate",CHEMBL1949578,Bioorg Med Chem Lett,2012,,CHEMBL1951072,,CHEMBL1951072,,0,http://www.openphacts.org/units/Nanomolar,1578513,>,1,1,>,,IC50,nM,,200000,CHEMBL1949487,Streptococcus pneumoniae serotype 4 (strain ATCC BAA-334 / TIGR4),Bifunctional protein GlmU,170187,,,IC50,uM,UO_0000065,,200
,,8032318,[],CHEMBL1953925,Inhibition of Streptococcus pneumoniae acetyltransferase activity of GlmU using acetyl-CoA and glucosamine-1-phosphate after 30 mins by Ellman's method,B,,,BAO_0000190,BAO_0000357,single protein format,COc1cc(OC)c(S(=O)(=O)N2c3ccccc3CCC2C)cc1NC(C)=O,,,CHEMBL1949578,Bioorg Med Chem Lett,2012,"{'bei': '10.53', 'le': '0.21', 'lle': '1.07', 'sei': '5.01'}",CHEMBL1951073,,CHEMBL1951073,4.26,0,http://www.openphacts.org/units/Nanomolar,1578514,=,1,1,=,,IC50,nM,,55000,CHEMBL1949487,Streptococcus pneumoniae serotype 4 (strain ATCC BAA-334 / TIGR4),Bifunctional protein GlmU,170187,,,IC50,uM,UO_0000065,,55
,,8032319,[],CHEMBL1953925,Inhibition of Streptococcus pneumoniae acetyltransferase activity of GlmU using acetyl-CoA and glucosamine-1-phosphate after 30 mins by Ellman's method,B,,,BAO_0000190,BAO_0000357,single protein format,COc1cc(OC)c(S(=O)(=O)N2c3ccccc3CCC2C)cc1NC(=S)NCC(=O)O,,,CHEMBL1949578,Bioorg Med Chem Lett,2012,"{'bei': '9.43', 'le': '0.19', 'lle': '1.92', 'sei': '3.86'}",CHEMBL1951074,,CHEMBL1951074,4.52,0,http://www.openphacts.org/units/Nanomolar,1578515,=,1,1,=,,IC50,nM,,30000,CHEMBL1949487,Streptococcus pneumoniae serotype 4 (strain ATCC BAA-334 / TIGR4),Bifunctional protein GlmU,170187,,,IC50,uM,UO_0000065,,30
,,8032320,[],CHEMBL1953925,Inhibition of Streptococcus pneumoniae acetyltransferase activity of GlmU using acetyl-CoA and glucosamine-1-phosphate after 30 mins by Ellman's method,B,,,BAO_0000190,BAO_0000357,single protein format,COc1cc(OC)c(S(=O)(=O)N2c3ccccc3CCC2C)cc1NC(=O)NCC(=O)O,,,CHEMBL1949578,Bioorg Med Chem Lett,2012,"{'bei': '10.14', 'le': '0.20', 'lle': '2.26', 'sei': '3.50'}",CHEMBL1951075,,CHEMBL1951075,4.7,0,http://www.openphacts.org/units/Nanomolar,1578516,=,1,1,=,,IC50,nM,,20000,CHEMBL1949487,Streptococcus pneumoniae serotype 4 (strain ATCC BAA-334 / TIGR4),Bifunctional protein GlmU,170187,,,IC50,uM,UO_0000065,,20
,,8032321,[],CHEMBL1953925,Inhibition of Streptococcus pneumoniae acetyltransferase activity of GlmU using acetyl-CoA and glucosamine-1-phosphate after 30 mins by Ellman's method,B,,,BAO_0000190,BAO_0000357,single protein format,COc1cc(OC)c(S(=O)(=O)N2c3ccccc3CCC2C)cc1NC(=O)COC(C)=O,,,CHEMBL1949578,Bioorg Med Chem Lett,2012,"{'bei': '8.75', 'le': '0.17', 'lle': '1.31', 'sei': '3.64'}",CHEMBL1951076,,CHEMBL1951076,4.05,0,http://www.openphacts.org/units/Nanomolar,1578517,=,1,1,=,,IC50,nM,,90000,CHEMBL1949487,Streptococcus pneumoniae serotype 4 (strain ATCC BAA-334 / TIGR4),Bifunctional protein GlmU,170187,,,IC50,uM,UO_0000065,,90
,,8032322,[],CHEMBL1953925,Inhibition of Streptococcus pneumoniae acetyltransferase activity of GlmU using acetyl-CoA and glucosamine-1-phosphate after 30 mins by Ellman's method,B,,,BAO_0000201,BAO_0000357,single protein format,COc1cc(OC)c(S(=O)(=O)N2c3ccccc3CCC2C)cc1NC(=O)COCC(=O)O,,,CHEMBL1949578,Bioorg Med Chem Lett,2012,,CHEMBL1951077,,CHEMBL1951077,,0,http://qudt.org/vocab/unit#Percent,1578518,=,1,1,=,,Inhibition,%,,28,CHEMBL1949487,Streptococcus pneumoniae serotype 4 (strain ATCC BAA-334 / TIGR4),Bifunctional protein GlmU,170187,,,INH,%,UO_0000187,,28
,,8032323,[],CHEMBL1953925,Inhibition of Streptococcus pneumoniae acetyltransferase activity of GlmU using acetyl-CoA and glucosamine-1-phosphate after 30 mins by Ellman's method,B,,,BAO_0000190,BAO_0000357,single protein format,COc1cc(OC)c(S(=O)(=O)N2c3ccccc3CCC2C)cc1NC(=O)/C=C/C(=O)O,,,CHEMBL1949578,Bioorg Med Chem Lett,2012,"{'bei': '10.86', 'le': '0.21', 'lle': '2.19', 'sei': '4.09'}",CHEMBL1951078,,CHEMBL1951078,5,0,http://www.openphacts.org/units/Nanomolar,1578519,=,1,1,=,,IC50,nM,,10000,CHEMBL1949487,Streptococcus pneumoniae serotype 4 (strain ATCC BAA-334 / TIGR4),Bifunctional protein GlmU,170187,,,IC50,uM,UO_0000065,,10
,,8032324,[],CHEMBL1953925,Inhibition of Streptococcus pneumoniae acetyltransferase activity of GlmU using acetyl-CoA and glucosamine-1-phosphate after 30 mins by Ellman's method,B,,,BAO_0000190,BAO_0000357,single protein format,COc1cc(OC)c(S(=O)(=O)N2c3ccccc3CCC2C)cc1NC(=O)CCC(=O)O,,,CHEMBL1949578,Bioorg Med Chem Lett,2012,"{'bei': '10.16', 'le': '0.20', 'lle': '1.66', 'sei': '3.84'}",CHEMBL1951079,,CHEMBL1951079,4.7,0,http://www.openphacts.org/units/Nanomolar,1578520,=,1,1,=,,IC50,nM,,20000,CHEMBL1949487,Streptococcus pneumoniae serotype 4 (strain ATCC BAA-334 / TIGR4),Bifunctional protein GlmU,170187,,,IC50,uM,UO_0000065,,20
,,8032325,[],CHEMBL1953925,Inhibition of Streptococcus pneumoniae acetyltransferase activity of GlmU using acetyl-CoA and glucosamine-1-phosphate after 30 mins by Ellman's method,B,,,BAO_0000190,BAO_0000357,single protein format,COc1cc(OC)c(S(=O)(=O)N2c3ccccc3CCC2C)cc1NC(=O)CSCC(=O)O,Outside typical range,"Values for this activity type are unusually large/small, so may not be accurate",CHEMBL1949578,Bioorg Med Chem Lett,2012,,CHEMBL1951080,,CHEMBL1951080,,0,http://www.openphacts.org/units/Nanomolar,1578521,>,1,1,>,,IC50,nM,,200000,CHEMBL1949487,Streptococcus pneumoniae serotype 4 (strain ATCC BAA-334 / TIGR4),Bifunctional protein GlmU,170187,,,IC50,uM,UO_0000065,,200
,,8032326,[],CHEMBL1953925,Inhibition of Streptococcus pneumoniae acetyltransferase activity of GlmU using acetyl-CoA and glucosamine-1-phosphate after 30 mins by Ellman's method,B,,,BAO_0000190,BAO_0000357,single protein format,COc1cc(OC)c(S(=O)(=O)N2c3ccccc3CCC2C)cc1NC(=O)CSc1ccncc1,Outside typical range,"Values for this activity type are unusually large/small, so may not be accurate",CHEMBL1949578,Bioorg Med Chem Lett,2012,,CHEMBL1951081,,CHEMBL1951081,,0,http://www.openphacts.org/units/Nanomolar,1578522,>,1,1,>,,IC50,nM,,200000,CHEMBL1949487,Streptococcus pneumoniae serotype 4 (strain ATCC BAA-334 / TIGR4),Bifunctional protein GlmU,170187,,,IC50,uM,UO_0000065,,200
,,8032327,[],CHEMBL1953925,Inhibition of Streptococcus pneumoniae acetyltransferase activity of GlmU using acetyl-CoA and glucosamine-1-phosphate after 30 mins by Ellman's method,B,,,BAO_0000190,BAO_0000357,single protein format,COc1cc(OC)c(S(=O)(=O)N2c3ccccc3CCC2C)cc1NC(=O)COc1ccc(C(C)=O)cc1,Outside typical range,"Values for this activity type are unusually large/small, so may not be accurate",CHEMBL1949578,Bioorg Med Chem Lett,2012,,CHEMBL1951160,,CHEMBL1951160,,0,http://www.openphacts.org/units/Nanomolar,1578623,>,1,1,>,,IC50,nM,,200000,CHEMBL1949487,Streptococcus pneumoniae serotype 4 (strain ATCC BAA-334 / TIGR4),Bifunctional protein GlmU,170187,,,IC50,uM,UO_0000065,,200
,,8032328,[],CHEMBL1953925,Inhibition of Streptococcus pneumoniae acetyltransferase activity of GlmU using acetyl-CoA and glucosamine-1-phosphate after 30 mins by Ellman's method,B,,,BAO_0000190,BAO_0000357,single protein format,COc1cc(OC)c(S(=O)(=O)N2c3ccccc3CCC2C)cc1NS(C)(=O)=O,Outside typical range,"Values for this activity type are unusually large/small, so may not be accurate",CHEMBL1949578,Bioorg Med Chem Lett,2012,,CHEMBL1951161,,CHEMBL1951161,,0,http://www.openphacts.org/units/Nanomolar,1578624,>,1,1,>,,IC50,nM,,200000,CHEMBL1949487,Streptococcus pneumoniae serotype 4 (strain ATCC BAA-334 / TIGR4),Bifunctional protein GlmU,170187,,,IC50,uM,UO_0000065,,200
,,8032329,[],CHEMBL1953925,Inhibition of Streptococcus pneumoniae acetyltransferase activity of GlmU using acetyl-CoA and glucosamine-1-phosphate after 30 mins by Ellman's method,B,,,BAO_0000190,BAO_0000357,single protein format,COc1cc(OC)c(S(=O)(=O)N2c3ccccc3CCC2C)cc1NC(=O)c1ccccc1,Outside typical range,"Values for this activity type are unusually large/small, so may not be accurate",CHEMBL1949578,Bioorg Med Chem Lett,2012,,CHEMBL1951162,,CHEMBL1951162,,0,http://www.openphacts.org/units/Nanomolar,1578625,>,1,1,>,,IC50,nM,,200000,CHEMBL1949487,Streptococcus pneumoniae serotype 4 (strain ATCC BAA-334 / TIGR4),Bifunctional protein GlmU,170187,,,IC50,uM,UO_0000065,,200
,,8032330,[],CHEMBL1953925,Inhibition of Streptococcus pneumoniae acetyltransferase activity of GlmU using acetyl-CoA and glucosamine-1-phosphate after 30 mins by Ellman's method,B,,,BAO_0000190,BAO_0000357,single protein format,COc1cc(OC)c(S(=O)(=O)Nc2ccccc2)cc1NC(C)=O,Outside typical range,"Values for this activity type are unusually large/small, so may not be accurate",CHEMBL1949578,Bioorg Med Chem Lett,2012,,CHEMBL1951163,,CHEMBL1951163,,0,http://www.openphacts.org/units/Nanomolar,1578626,>,1,1,>,,IC50,nM,,200000,CHEMBL1949487,Streptococcus pneumoniae serotype 4 (strain ATCC BAA-334 / TIGR4),Bifunctional protein GlmU,170187,,,IC50,uM,UO_0000065,,200
,,8032331,[],CHEMBL1953925,Inhibition of Streptococcus pneumoniae acetyltransferase activity of GlmU using acetyl-CoA and glucosamine-1-phosphate after 30 mins by Ellman's method,B,,,BAO_0000190,BAO_0000357,single protein format,COc1cc(OC)c(S(=O)(=O)N(C)c2ccccc2)cc1NC(C)=O,Outside typical range,"Values for this activity type are unusually large/small, so may not be accurate",CHEMBL1949578,Bioorg Med Chem Lett,2012,,CHEMBL1951164,,CHEMBL1951164,,0,http://www.openphacts.org/units/Nanomolar,1578627,>,1,1,>,,IC50,nM,,200000,CHEMBL1949487,Streptococcus pneumoniae serotype 4 (strain ATCC BAA-334 / TIGR4),Bifunctional protein GlmU,170187,,,IC50,uM,UO_0000065,,200
,,8032332,[],CHEMBL1953925,Inhibition of Streptococcus pneumoniae acetyltransferase activity of GlmU using acetyl-CoA and glucosamine-1-phosphate after 30 mins by Ellman's method,B,,,BAO_0000190,BAO_0000357,single protein format,COc1cc(OC)c(S(=O)(=O)N(c2ccccc2)C(C)C)cc1NC(C)=O,Outside typical range,"Values for this activity type are unusually large/small, so may not be accurate",CHEMBL1949578,Bioorg Med Chem Lett,2012,,CHEMBL1951165,,CHEMBL1951165,,0,http://www.openphacts.org/units/Nanomolar,1578628,>,1,1,>,,IC50,nM,,200000,CHEMBL1949487,Streptococcus pneumoniae serotype 4 (strain ATCC BAA-334 / TIGR4),Bifunctional protein GlmU,170187,,,IC50,uM,UO_0000065,,200
,,8032333,[],CHEMBL1953925,Inhibition of Streptococcus pneumoniae acetyltransferase activity of GlmU using acetyl-CoA and glucosamine-1-phosphate after 30 mins by Ellman's method,B,,,BAO_0000190,BAO_0000357,single protein format,CCN(c1ccccc1C)S(=O)(=O)c1cc(NC(C)=O)c(OC)cc1OC,Outside typical range,"Values for this activity type are unusually large/small, so may not be accurate",CHEMBL1949578,Bioorg Med Chem Lett,2012,,CHEMBL1951166,,CHEMBL1951166,,0,http://www.openphacts.org/units/Nanomolar,1578629,>,1,1,>,,IC50,nM,,200000,CHEMBL1949487,Streptococcus pneumoniae serotype 4 (strain ATCC BAA-334 / TIGR4),Bifunctional protein GlmU,170187,,,IC50,uM,UO_0000065,,200
,,8032334,[],CHEMBL1953925,Inhibition of Streptococcus pneumoniae acetyltransferase activity of GlmU using acetyl-CoA and glucosamine-1-phosphate after 30 mins by Ellman's method,B,,,BAO_0000190,BAO_0000357,single protein format,COc1cc(OC)c(S(=O)(=O)N2CCCCC2C)cc1NC(C)=O,Outside typical range,"Values for this activity type are unusually large/small, so may not be accurate",CHEMBL1949578,Bioorg Med Chem Lett,2012,,CHEMBL1951167,,CHEMBL1951167,,0,http://www.openphacts.org/units/Nanomolar,1578630,>,1,1,>,,IC50,nM,,200000,CHEMBL1949487,Streptococcus pneumoniae serotype 4 (strain ATCC BAA-334 / TIGR4),Bifunctional protein GlmU,170187,,,IC50,uM,UO_0000065,,200
,,8032335,[],CHEMBL1953925,Inhibition of Streptococcus pneumoniae acetyltransferase activity of GlmU using acetyl-CoA and glucosamine-1-phosphate after 30 mins by Ellman's method,B,,,BAO_0000190,BAO_0000357,single protein format,COc1cc(OC)c(S(=O)(=O)N2CCCC2C)cc1NC(C)=O,Outside typical range,"Values for this activity type are unusually large/small, so may not be accurate",CHEMBL1949578,Bioorg Med Chem Lett,2012,,CHEMBL1951168,,CHEMBL1951168,,0,http://www.openphacts.org/units/Nanomolar,1578631,>,1,1,>,,IC50,nM,,200000,CHEMBL1949487,Streptococcus pneumoniae serotype 4 (strain ATCC BAA-334 / TIGR4),Bifunctional protein GlmU,170187,,,IC50,uM,UO_0000065,,200
,,8032336,[],CHEMBL1953925,Inhibition of Streptococcus pneumoniae acetyltransferase activity of GlmU using acetyl-CoA and glucosamine-1-phosphate after 30 mins by Ellman's method,B,,,BAO_0000190,BAO_0000357,single protein format,COc1cc(OC)c(S(=O)(=O)N2CCCCC2)cc1NC(C)=O,Outside typical range,"Values for this activity type are unusually large/small, so may not be accurate",CHEMBL1949578,Bioorg Med Chem Lett,2012,,CHEMBL1951169,,CHEMBL1951169,,0,http://www.openphacts.org/units/Nanomolar,1578632,>,1,1,>,,IC50,nM,,200000,CHEMBL1949487,Streptococcus pneumoniae serotype 4 (strain ATCC BAA-334 / TIGR4),Bifunctional protein GlmU,170187,,,IC50,uM,UO_0000065,,200
,,8032337,[],CHEMBL1953925,Inhibition of Streptococcus pneumoniae acetyltransferase activity of GlmU using acetyl-CoA and glucosamine-1-phosphate after 30 mins by Ellman's method,B,,,BAO_0000190,BAO_0000357,single protein format,COc1cc(OC)c(S(=O)(=O)N(C)C)cc1NC(C)=O,Outside typical range,"Values for this activity type are unusually large/small, so may not be accurate",CHEMBL1949578,Bioorg Med Chem Lett,2012,,CHEMBL1951170,,CHEMBL1951170,,0,http://www.openphacts.org/units/Nanomolar,1578633,>,1,1,>,,IC50,nM,,200000,CHEMBL1949487,Streptococcus pneumoniae serotype 4 (strain ATCC BAA-334 / TIGR4),Bifunctional protein GlmU,170187,,,IC50,uM,UO_0000065,,200
,,8032338,[],CHEMBL1953925,Inhibition of Streptococcus pneumoniae acetyltransferase activity of GlmU using acetyl-CoA and glucosamine-1-phosphate after 30 mins by Ellman's method,B,,,BAO_0000190,BAO_0000357,single protein format,COc1cc(OC)c(S(=O)(=O)Nc2ccc(F)cc2)cc1NC(C)=O,Outside typical range,"Values for this activity type are unusually large/small, so may not be accurate",CHEMBL1949578,Bioorg Med Chem Lett,2012,,CHEMBL1951171,,CHEMBL1951171,,0,http://www.openphacts.org/units/Nanomolar,1578634,>,1,1,>,,IC50,nM,,200000,CHEMBL1949487,Streptococcus pneumoniae serotype 4 (strain ATCC BAA-334 / TIGR4),Bifunctional protein GlmU,170187,,,IC50,uM,UO_0000065,,200
,,8032339,[],CHEMBL1953925,Inhibition of Streptococcus pneumoniae acetyltransferase activity of GlmU using acetyl-CoA and glucosamine-1-phosphate after 30 mins by Ellman's method,B,,,BAO_0000190,BAO_0000357,single protein format,COc1cc(OC)c(S(=O)(=O)Nc2cccc(F)c2)cc1NC(C)=O,Outside typical range,"Values for this activity type are unusually large/small, so may not be accurate",CHEMBL1949578,Bioorg Med Chem Lett,2012,,CHEMBL1951172,,CHEMBL1951172,,0,http://www.openphacts.org/units/Nanomolar,1578635,>,1,1,>,,IC50,nM,,200000,CHEMBL1949487,Streptococcus pneumoniae serotype 4 (strain ATCC BAA-334 / TIGR4),Bifunctional protein GlmU,170187,,,IC50,uM,UO_0000065,,200
,,8032340,[],CHEMBL1953925,Inhibition of Streptococcus pneumoniae acetyltransferase activity of GlmU using acetyl-CoA and glucosamine-1-phosphate after 30 mins by Ellman's method,B,,,BAO_0000190,BAO_0000357,single protein format,COc1cc(OC)c(S(=O)(=O)Nc2ccccc2F)cc1NC(C)=O,Outside typical range,"Values for this activity type are unusually large/small, so may not be accurate",CHEMBL1949578,Bioorg Med Chem Lett,2012,,CHEMBL1951173,,CHEMBL1951173,,0,http://www.openphacts.org/units/Nanomolar,1578636,>,1,1,>,,IC50,nM,,200000,CHEMBL1949487,Streptococcus pneumoniae serotype 4 (strain ATCC BAA-334 / TIGR4),Bifunctional protein GlmU,170187,,,IC50,uM,UO_0000065,,200
,,8032341,[],CHEMBL1953925,Inhibition of Streptococcus pneumoniae acetyltransferase activity of GlmU using acetyl-CoA and glucosamine-1-phosphate after 30 mins by Ellman's method,B,,,BAO_0000190,BAO_0000357,single protein format,COc1cc(OC)c(S(=O)(=O)Nc2cccc(C)c2)cc1NC(C)=O,Outside typical range,"Values for this activity type are unusually large/small, so may not be accurate",CHEMBL1949578,Bioorg Med Chem Lett,2012,,CHEMBL1951174,,CHEMBL1951174,,0,http://www.openphacts.org/units/Nanomolar,1578637,>,1,1,>,,IC50,nM,,200000,CHEMBL1949487,Streptococcus pneumoniae serotype 4 (strain ATCC BAA-334 / TIGR4),Bifunctional protein GlmU,170187,,,IC50,uM,UO_0000065,,200
,,8032342,[],CHEMBL1953925,Inhibition of Streptococcus pneumoniae acetyltransferase activity of GlmU using acetyl-CoA and glucosamine-1-phosphate after 30 mins by Ellman's method,B,,,BAO_0000190,BAO_0000357,single protein format,COc1cc(OC)c(S(=O)(=O)Nc2ccc(C)cc2)cc1NC(C)=O,Outside typical range,"Values for this activity type are unusually large/small, so may not be accurate",CHEMBL1949578,Bioorg Med Chem Lett,2012,,CHEMBL1951175,,CHEMBL1951175,,0,http://www.openphacts.org/units/Nanomolar,1578638,>,1,1,>,,IC50,nM,,200000,CHEMBL1949487,Streptococcus pneumoniae serotype 4 (strain ATCC BAA-334 / TIGR4),Bifunctional protein GlmU,170187,,,IC50,uM,UO_0000065,,200
,,8032343,[],CHEMBL1953925,Inhibition of Streptococcus pneumoniae acetyltransferase activity of GlmU using acetyl-CoA and glucosamine-1-phosphate after 30 mins by Ellman's method,B,,,BAO_0000190,BAO_0000357,single protein format,COc1ccccc1CNS(=O)(=O)c1cc(NC(C)=O)c(OC)cc1OC,Outside typical range,"Values for this activity type are unusually large/small, so may not be accurate",CHEMBL1949578,Bioorg Med Chem Lett,2012,,CHEMBL1951176,,CHEMBL1951176,,0,http://www.openphacts.org/units/Nanomolar,1578639,>,1,1,>,,IC50,nM,,200000,CHEMBL1949487,Streptococcus pneumoniae serotype 4 (strain ATCC BAA-334 / TIGR4),Bifunctional protein GlmU,170187,,,IC50,uM,UO_0000065,,200
,,8032344,[],CHEMBL1953925,Inhibition of Streptococcus pneumoniae acetyltransferase activity of GlmU using acetyl-CoA and glucosamine-1-phosphate after 30 mins by Ellman's method,B,,,BAO_0000190,BAO_0000357,single protein format,COc1cc(OC)c(S(=O)(=O)NCc2ccc3c(c2)OCO3)cc1NC(C)=O,Outside typical range,"Values for this activity type are unusually large/small, so may not be accurate",CHEMBL1949578,Bioorg Med Chem Lett,2012,,CHEMBL1951177,,CHEMBL1951177,,0,http://www.openphacts.org/units/Nanomolar,1578640,>,1,1,>,,IC50,nM,,200000,CHEMBL1949487,Streptococcus pneumoniae serotype 4 (strain ATCC BAA-334 / TIGR4),Bifunctional protein GlmU,170187,,,IC50,uM,UO_0000065,,200
,,8032345,[],CHEMBL1953925,Inhibition of Streptococcus pneumoniae acetyltransferase activity of GlmU using acetyl-CoA and glucosamine-1-phosphate after 30 mins by Ellman's method,B,,,BAO_0000190,BAO_0000357,single protein format,COc1cc(OC)c(S(=O)(=O)NCc2ccccc2Br)cc1NC(C)=O,Outside typical range,"Values for this activity type are unusually large/small, so may not be accurate",CHEMBL1949578,Bioorg Med Chem Lett,2012,,CHEMBL1951178,,CHEMBL1951178,,0,http://www.openphacts.org/units/Nanomolar,1578641,>,1,1,>,,IC50,nM,,200000,CHEMBL1949487,Streptococcus pneumoniae serotype 4 (strain ATCC BAA-334 / TIGR4),Bifunctional protein GlmU,170187,,,IC50,uM,UO_0000065,,200
,,8032346,[],CHEMBL1953925,Inhibition of Streptococcus pneumoniae acetyltransferase activity of GlmU using acetyl-CoA and glucosamine-1-phosphate after 30 mins by Ellman's method,B,,,BAO_0000190,BAO_0000357,single protein format,COC(=O)c1ccccc1CNS(=O)(=O)c1cc(NC(C)=O)c(OC)cc1OC,Outside typical range,"Values for this activity type are unusually large/small, so may not be accurate",CHEMBL1949578,Bioorg Med Chem Lett,2012,,CHEMBL1951179,,CHEMBL1951179,,0,http://www.openphacts.org/units/Nanomolar,1578642,>,1,1,>,,IC50,nM,,200000,CHEMBL1949487,Streptococcus pneumoniae serotype 4 (strain ATCC BAA-334 / TIGR4),Bifunctional protein GlmU,170187,,,IC50,uM,UO_0000065,,200
,,8032347,[],CHEMBL1953925,Inhibition of Streptococcus pneumoniae acetyltransferase activity of GlmU using acetyl-CoA and glucosamine-1-phosphate after 30 mins by Ellman's method,B,,,BAO_0000190,BAO_0000357,single protein format,COc1cc(OC)c(S(=O)(=O)NCc2ccccc2N2CCCCC2)cc1NC(C)=O,Outside typical range,"Values for this activity type are unusually large/small, so may not be accurate",CHEMBL1949578,Bioorg Med Chem Lett,2012,,CHEMBL1951180,,CHEMBL1951180,,0,http://www.openphacts.org/units/Nanomolar,1578643,=,1,1,=,,IC50,nM,,110000,CHEMBL1949487,Streptococcus pneumoniae serotype 4 (strain ATCC BAA-334 / TIGR4),Bifunctional protein GlmU,170187,,,IC50,uM,UO_0000065,,110
,,8032348,[],CHEMBL1953925,Inhibition of Streptococcus pneumoniae acetyltransferase activity of GlmU using acetyl-CoA and glucosamine-1-phosphate after 30 mins by Ellman's method,B,,,BAO_0000190,BAO_0000357,single protein format,COc1cc(OC)c(S(=O)(=O)NCc2ccccc2N2CCC(CO)CC2)cc1NC(C)=O,,,CHEMBL1949578,Bioorg Med Chem Lett,2012,"{'bei': '8.70', 'le': '0.17', 'lle': '1.80', 'sei': '3.55'}",CHEMBL1951181,,CHEMBL1951181,4.16,0,http://www.openphacts.org/units/Nanomolar,1578644,=,1,1,=,,IC50,nM,,70000,CHEMBL1949487,Streptococcus pneumoniae serotype 4 (strain ATCC BAA-334 / TIGR4),Bifunctional protein GlmU,170187,,,IC50,uM,UO_0000065,,70
,,8032349,[],CHEMBL1953925,Inhibition of Streptococcus pneumoniae acetyltransferase activity of GlmU using acetyl-CoA and glucosamine-1-phosphate after 30 mins by Ellman's method,B,,,BAO_0000190,BAO_0000357,single protein format,COc1cc(OC)c(S(=O)(=O)NCc2ccccc2N2CCCCC2)cc1NC(=O)CCC(=O)O,,,CHEMBL1949578,Bioorg Med Chem Lett,2012,"{'bei': '9.73', 'le': '0.19', 'lle': '1.94', 'sei': '3.66'}",CHEMBL1951182,,CHEMBL1951182,4.92,0,http://www.openphacts.org/units/Nanomolar,1578645,=,1,1,=,,IC50,nM,,12000,CHEMBL1949487,Streptococcus pneumoniae serotype 4 (strain ATCC BAA-334 / TIGR4),Bifunctional protein GlmU,170187,,,IC50,uM,UO_0000065,,12
,,8032350,[],CHEMBL1953925,Inhibition of Streptococcus pneumoniae acetyltransferase activity of GlmU using acetyl-CoA and glucosamine-1-phosphate after 30 mins by Ellman's method,B,,,BAO_0000190,BAO_0000357,single protein format,COc1cc(OC)c(S(=O)(=O)NCc2ccccc2N2CCC(CO)CC2)cc1NC(=O)CCC(=O)O,,,CHEMBL1949578,Bioorg Med Chem Lett,2012,"{'bei': '9.90', 'le': '0.20', 'lle': '3.11', 'sei': '3.43'}",CHEMBL1951183,,CHEMBL1951183,5.3,0,http://www.openphacts.org/units/Nanomolar,1578646,=,1,1,=,,IC50,nM,,5000,CHEMBL1949487,Streptococcus pneumoniae serotype 4 (strain ATCC BAA-334 / TIGR4),Bifunctional protein GlmU,170187,,,IC50,uM,UO_0000065,,5
,,8032351,[],CHEMBL1953925,Inhibition of Streptococcus pneumoniae acetyltransferase activity of GlmU using acetyl-CoA and glucosamine-1-phosphate after 30 mins by Ellman's method,B,,,BAO_0000190,BAO_0000357,single protein format,COc1cc(OC)c(S(=O)(=O)NCc2ccccc2N2CCC(COC(=O)CCC(=O)O)CC2)cc1NC(=O)CCC(=O)O,,,CHEMBL1949578,Bioorg Med Chem Lett,2012,"{'bei': '9.91', 'le': '0.20', 'lle': '3.69', 'sei': '3.18'}",CHEMBL1951184,,CHEMBL1951184,6.3,0,http://www.openphacts.org/units/Nanomolar,1578647,=,1,1,=,,IC50,nM,,500,CHEMBL1949487,Streptococcus pneumoniae serotype 4 (strain ATCC BAA-334 / TIGR4),Bifunctional protein GlmU,170187,,,IC50,uM,UO_0000065,,0.5
,,8032352,[],CHEMBL1953925,Inhibition of Streptococcus pneumoniae acetyltransferase activity of GlmU using acetyl-CoA and glucosamine-1-phosphate after 30 mins by Ellman's method,B,,,BAO_0000190,BAO_0000357,single protein format,COc1cc(OC)c(S(=O)(=O)NCc2ccccc2-c2ccc(C(=O)O)cc2)cc1NC(=O)CCC(=O)O,,,CHEMBL1949578,Bioorg Med Chem Lett,2012,"{'bei': '8.89', 'le': '0.17', 'lle': '1.47', 'sei': '2.87'}",CHEMBL1951185,,CHEMBL1951185,4.82,0,http://www.openphacts.org/units/Nanomolar,1578648,=,1,1,=,,IC50,nM,,15000,CHEMBL1949487,Streptococcus pneumoniae serotype 4 (strain ATCC BAA-334 / TIGR4),Bifunctional protein GlmU,170187,,,IC50,uM,UO_0000065,,15
,,8032353,[],CHEMBL1953925,Inhibition of Streptococcus pneumoniae acetyltransferase activity of GlmU using acetyl-CoA and glucosamine-1-phosphate after 30 mins by Ellman's method,B,,,BAO_0000190,BAO_0000357,single protein format,COc1cc(OC)c(S(=O)(=O)NCc2ccccc2N2CCC(C(=O)O)CC2)cc1NC(=O)CCC(=O)O,,,CHEMBL1949578,Bioorg Med Chem Lett,2012,"{'bei': '10.37', 'le': '0.20', 'lle': '3.41', 'sei': '3.32'}",CHEMBL1951186,,CHEMBL1951186,5.7,0,http://www.openphacts.org/units/Nanomolar,1578649,=,1,1,=,,IC50,nM,,2000,CHEMBL1949487,Streptococcus pneumoniae serotype 4 (strain ATCC BAA-334 / TIGR4),Bifunctional protein GlmU,170187,,,IC50,uM,UO_0000065,,2
,,8032354,[],CHEMBL1953925,Inhibition of Streptococcus pneumoniae acetyltransferase activity of GlmU using acetyl-CoA and glucosamine-1-phosphate after 30 mins by Ellman's method,B,,,BAO_0000190,BAO_0000357,single protein format,COc1cc(OC)c(S(=O)(=O)NCc2ccccc2N2CCC(CC(=O)O)CC2)cc1NC(=O)CCC(=O)O,,,CHEMBL1949578,Bioorg Med Chem Lett,2012,"{'bei': '10.11', 'le': '0.20', 'lle': '3.02', 'sei': '3.32'}",CHEMBL1951187,,CHEMBL1951187,5.7,0,http://www.openphacts.org/units/Nanomolar,1578650,=,1,1,=,,IC50,nM,,2000,CHEMBL1949487,Streptococcus pneumoniae serotype 4 (strain ATCC BAA-334 / TIGR4),Bifunctional protein GlmU,170187,,,IC50,uM,UO_0000065,,2
,,15096734,[],CHEMBL3380797,Inhibition of Escherichia coli ATCC 27325 GlmU expressed in Escherichia coli HMS174(DE3) incubated for 15 mins prior to MgCl2 addition measured after 30 mins by malachite green staining-based assay,B,,,BAO_0000190,BAO_0000019,assay format,COc1cc2c(Nc3ccc(NC(=O)c4ccccc4)cc3)ncnc2cc1O,,,CHEMBL3351874,Bioorg Med Chem,2014,"{'bei': '15.23', 'le': '0.28', 'lle': '1.55', 'sei': '6.11'}",CHEMBL3343033,,CHEMBL3343033,5.89,0,http://www.openphacts.org/units/Nanomolar,2262311,=,1,1,=,,IC50,nM,,1300,CHEMBL3559674,Escherichia coli,Bifunctional protein GlmU,562,,,IC50,uM,UO_0000065,,1.3
,,15096735,[],CHEMBL3380797,Inhibition of Escherichia coli ATCC 27325 GlmU expressed in Escherichia coli HMS174(DE3) incubated for 15 mins prior to MgCl2 addition measured after 30 mins by malachite green staining-based assay,B,,,BAO_0000190,BAO_0000019,assay format,COc1cc2c(Nc3ccc(NC(=O)c4ccccc4)cc3)nc(C)nc2cc1O,,,CHEMBL3351874,Bioorg Med Chem,2014,"{'bei': '14.13', 'le': '0.26', 'lle': '1.01', 'sei': '5.87'}",CHEMBL3343034,,CHEMBL3343034,5.66,0,http://www.openphacts.org/units/Nanomolar,2262312,=,1,1,=,,IC50,nM,,2200,CHEMBL3559674,Escherichia coli,Bifunctional protein GlmU,562,,,IC50,uM,UO_0000065,,2.2
,,15096736,[],CHEMBL3380797,Inhibition of Escherichia coli ATCC 27325 GlmU expressed in Escherichia coli HMS174(DE3) incubated for 15 mins prior to MgCl2 addition measured after 30 mins by malachite green staining-based assay,B,,,BAO_0000190,BAO_0000019,assay format,COc1cc2c(Nc3ccc(NC(=O)c4ccccc4)cc3)nc(-c3ccccn3)nc2cc1O,,,CHEMBL3351874,Bioorg Med Chem,2014,"{'bei': '12.01', 'le': '0.22', 'lle': '0.17', 'sei': '5.10'}",CHEMBL3343035,,CHEMBL3343035,5.57,0,http://www.openphacts.org/units/Nanomolar,2262313,=,1,1,=,,IC50,nM,,2700,CHEMBL3559674,Escherichia coli,Bifunctional protein GlmU,562,,,IC50,uM,UO_0000065,,2.7
,,15096737,[],CHEMBL3380797,Inhibition of Escherichia coli ATCC 27325 GlmU expressed in Escherichia coli HMS174(DE3) incubated for 15 mins prior to MgCl2 addition measured after 30 mins by malachite green staining-based assay,B,,,BAO_0000190,BAO_0000019,assay format,COc1cc2c(Nc3ccc(NC(=O)c4ccccc4)cc3)nc(Cc3ccccc3)nc2cc1O,,,CHEMBL3351874,Bioorg Med Chem,2014,"{'bei': '11.16', 'le': '0.20', 'lle': '-0.61', 'sei': '5.52'}",CHEMBL3343036,,CHEMBL3343036,5.32,0,http://www.openphacts.org/units/Nanomolar,2262314,=,1,1,=,,IC50,nM,,4800,CHEMBL3559674,Escherichia coli,Bifunctional protein GlmU,562,,,IC50,uM,UO_0000065,,4.8
,,15096738,[],CHEMBL3380797,Inhibition of Escherichia coli ATCC 27325 GlmU expressed in Escherichia coli HMS174(DE3) incubated for 15 mins prior to MgCl2 addition measured after 30 mins by malachite green staining-based assay,B,,,BAO_0000190,BAO_0000019,assay format,COc1cc2c(Nc3ccc(NC(=O)c4ccccc4)cc3)ncnc2cc1OCCO,,,CHEMBL3351874,Bioorg Med Chem,2014,"{'bei': '10.35', 'le': '0.19', 'lle': '0.45', 'sei': '4.22'}",CHEMBL3343037,,CHEMBL3343037,4.46,0,http://www.openphacts.org/units/Nanomolar,2262315,=,1,1,=,,IC50,nM,,35000,CHEMBL3559674,Escherichia coli,Bifunctional protein GlmU,562,,,IC50,uM,UO_0000065,,35
,,15096739,[],CHEMBL3380797,Inhibition of Escherichia coli ATCC 27325 GlmU expressed in Escherichia coli HMS174(DE3) incubated for 15 mins prior to MgCl2 addition measured after 30 mins by malachite green staining-based assay,B,,,BAO_0000190,BAO_0000019,assay format,COc1cc2c(Nc3ccc(NC(=O)c4ccccc4)cc3)ncnc2cc1OCC(=O)O,,,CHEMBL3351874,Bioorg Med Chem,2014,"{'bei': '11.64', 'le': '0.21', 'lle': '1.07', 'sei': '4.22'}",CHEMBL3343038,,CHEMBL3343038,5.17,0,http://www.openphacts.org/units/Nanomolar,2262316,=,1,1,=,,IC50,nM,,6700,CHEMBL3559674,Escherichia coli,Bifunctional protein GlmU,562,,,IC50,uM,UO_0000065,,6.7
,,15096740,[],CHEMBL3380797,Inhibition of Escherichia coli ATCC 27325 GlmU expressed in Escherichia coli HMS174(DE3) incubated for 15 mins prior to MgCl2 addition measured after 30 mins by malachite green staining-based assay,B,,,BAO_0000190,BAO_0000019,assay format,COc1cc2c(Nc3ccc(NC(=O)c4ccccc4)cc3)ncnc2cc1OCC(N)=O,,,CHEMBL3351874,Bioorg Med Chem,2014,,CHEMBL3343039,,CHEMBL3343039,,0,http://www.openphacts.org/units/Nanomolar,2262317,>,1,1,>,,IC50,nM,,22000,CHEMBL3559674,Escherichia coli,Bifunctional protein GlmU,562,,,IC50,uM,UO_0000065,,22
,,15096741,[],CHEMBL3380797,Inhibition of Escherichia coli ATCC 27325 GlmU expressed in Escherichia coli HMS174(DE3) incubated for 15 mins prior to MgCl2 addition measured after 30 mins by malachite green staining-based assay,B,,,BAO_0000190,BAO_0000019,assay format,COc1cc2c(Nc3ccc(NC(=O)c4ccccc4)cc3)nc(N)nc2cc1O,,,CHEMBL3351874,Bioorg Med Chem,2014,"{'bei': '12.40', 'le': '0.23', 'lle': '1.06', 'sei': '4.07'}",CHEMBL3343040,,CHEMBL3343040,4.98,0,http://www.openphacts.org/units/Nanomolar,2262318,=,1,1,=,,IC50,nM,,10500,CHEMBL3559674,Escherichia coli,Bifunctional protein GlmU,562,,,IC50,uM,UO_0000065,,10.5
,,15096742,[],CHEMBL3380797,Inhibition of Escherichia coli ATCC 27325 GlmU expressed in Escherichia coli HMS174(DE3) incubated for 15 mins prior to MgCl2 addition measured after 30 mins by malachite green staining-based assay,B,,,BAO_0000190,BAO_0000019,assay format,COc1cc2c(Nc3ccc(NC(=O)c4ccccc4)cc3)nc(Cl)nc2cc1O,,,CHEMBL3351874,Bioorg Med Chem,2014,"{'bei': '15.28', 'le': '0.29', 'lle': '1.44', 'sei': '6.67'}",CHEMBL3343041,,CHEMBL3343041,6.43,0,http://www.openphacts.org/units/Nanomolar,2262319,=,1,1,=,,IC50,nM,,370,CHEMBL3559674,Escherichia coli,Bifunctional protein GlmU,562,,,IC50,uM,UO_0000065,,0.37
,,15096743,[],CHEMBL3380797,Inhibition of Escherichia coli ATCC 27325 GlmU expressed in Escherichia coli HMS174(DE3) incubated for 15 mins prior to MgCl2 addition measured after 30 mins by malachite green staining-based assay,B,,,BAO_0000190,BAO_0000019,assay format,COc1cc2c(Nc3ccc(NC(=O)c4ccccc4)cc3)nc(NCCc3ccccn3)nc2cc1O,,,CHEMBL3351874,Bioorg Med Chem,2014,"{'bei': '12.21', 'le': '0.22', 'lle': '0.80', 'sei': '5.10'}",CHEMBL3343042,,CHEMBL3343042,6.19,0,http://www.openphacts.org/units/Nanomolar,2262320,=,1,1,=,,IC50,nM,,650,CHEMBL3559674,Escherichia coli,Bifunctional protein GlmU,562,,,IC50,uM,UO_0000065,,0.65
,,15096744,[],CHEMBL3380797,Inhibition of Escherichia coli ATCC 27325 GlmU expressed in Escherichia coli HMS174(DE3) incubated for 15 mins prior to MgCl2 addition measured after 30 mins by malachite green staining-based assay,B,,,BAO_0000190,BAO_0000019,assay format,COc1cc2c(Nc3ccc(NC(=O)c4ccccc4)cc3)nc(NCCCn3ccnc3)nc2cc1O,,,CHEMBL3351874,Bioorg Med Chem,2014,"{'bei': '10.49', 'le': '0.19', 'lle': '0.31', 'sei': '4.24'}",CHEMBL3343043,,CHEMBL3343043,5.35,0,http://www.openphacts.org/units/Nanomolar,2262321,=,1,1,=,,IC50,nM,,4500,CHEMBL3559674,Escherichia coli,Bifunctional protein GlmU,562,,,IC50,uM,UO_0000065,,4.5
,,15096745,[],CHEMBL3380797,Inhibition of Escherichia coli ATCC 27325 GlmU expressed in Escherichia coli HMS174(DE3) incubated for 15 mins prior to MgCl2 addition measured after 30 mins by malachite green staining-based assay,B,,,BAO_0000190,BAO_0000019,assay format,COc1cc(C(=O)Nc2ccc(NC(=O)c3ccccn3)cc2)ccc1O,,,CHEMBL3351874,Bioorg Med Chem,2014,"{'bei': '14.00', 'le': '0.26', 'lle': '1.79', 'sei': '5.06'}",CHEMBL3343044,,CHEMBL3343044,5.09,0,http://www.openphacts.org/units/Nanomolar,2262322,=,1,1,=,,IC50,nM,,8200,CHEMBL3559674,Escherichia coli,Bifunctional protein GlmU,562,,,IC50,uM,UO_0000065,,8.2
,,15096746,[],CHEMBL3380797,Inhibition of Escherichia coli ATCC 27325 GlmU expressed in Escherichia coli HMS174(DE3) incubated for 15 mins prior to MgCl2 addition measured after 30 mins by malachite green staining-based assay,B,,,BAO_0000190,BAO_0000019,assay format,O=C(Nc1ccc(NC(=O)c2ccccn2)cc1)c1ccc(O)c([N+](=O)[O-])c1,,,CHEMBL3351874,Bioorg Med Chem,2014,"{'bei': '14.56', 'le': '0.27', 'lle': '2.31', 'sei': '4.10'}",CHEMBL3343045,,CHEMBL3343045,5.51,0,http://www.openphacts.org/units/Nanomolar,2262323,=,1,1,=,,IC50,nM,,3100,CHEMBL3559674,Escherichia coli,Bifunctional protein GlmU,562,,,IC50,uM,UO_0000065,,3.1
,,15096747,[],CHEMBL3380797,Inhibition of Escherichia coli ATCC 27325 GlmU expressed in Escherichia coli HMS174(DE3) incubated for 15 mins prior to MgCl2 addition measured after 30 mins by malachite green staining-based assay,B,,,BAO_0000190,BAO_0000019,assay format,COc1cc(C(=O)Nc2ccc(NC(=O)c3ccccc3)cc2)ccc1O,,,CHEMBL3351874,Bioorg Med Chem,2014,"{'bei': '13.09', 'le': '0.24', 'lle': '0.83', 'sei': '5.41'}",CHEMBL3343046,,CHEMBL3343046,4.75,0,http://www.openphacts.org/units/Nanomolar,2262324,=,1,1,=,,IC50,nM,,18000,CHEMBL3559674,Escherichia coli,Bifunctional protein GlmU,562,,,IC50,uM,UO_0000065,,18
,,15096748,[],CHEMBL3380797,Inhibition of Escherichia coli ATCC 27325 GlmU expressed in Escherichia coli HMS174(DE3) incubated for 15 mins prior to MgCl2 addition measured after 30 mins by malachite green staining-based assay,B,,,BAO_0000190,BAO_0000019,assay format,COc1cc(C(=O)Nc2ccc(NC(=O)c3ccccc3)cc2)c(N)cc1O,,,CHEMBL3351874,Bioorg Med Chem,2014,"{'bei': '13.86', 'le': '0.26', 'lle': '1.74', 'sei': '4.60'}",CHEMBL3343047,,CHEMBL3343047,5.23,0,http://www.openphacts.org/units/Nanomolar,2262325,=,1,1,=,,IC50,nM,,5900,CHEMBL3559674,Escherichia coli,Bifunctional protein GlmU,562,,,IC50,uM,UO_0000065,,5.9
,,15096749,[],CHEMBL3380797,Inhibition of Escherichia coli ATCC 27325 GlmU expressed in Escherichia coli HMS174(DE3) incubated for 15 mins prior to MgCl2 addition measured after 30 mins by malachite green staining-based assay,B,,,BAO_0000190,BAO_0000019,assay format,COc1cc(C(=O)Nc2ccc(NC(=O)c3ccccc3)cc2)ccc1OCC(=O)O,,,CHEMBL3351874,Bioorg Med Chem,2014,,CHEMBL3343048,,CHEMBL3343048,,0,http://www.openphacts.org/units/Nanomolar,2262326,>,1,1,>,,IC50,nM,,67000,CHEMBL3559674,Escherichia coli,Bifunctional protein GlmU,562,,,IC50,uM,UO_0000065,,67
,,15096750,[],CHEMBL3380797,Inhibition of Escherichia coli ATCC 27325 GlmU expressed in Escherichia coli HMS174(DE3) incubated for 15 mins prior to MgCl2 addition measured after 30 mins by malachite green staining-based assay,B,,,BAO_0000190,BAO_0000019,assay format,COc1cc(C(=O)Nc2ccc(NC(=O)c3ccccc3)cc2)ccc1OCC(N)=O,,,CHEMBL3351874,Bioorg Med Chem,2014,,CHEMBL3343049,,CHEMBL3343049,,0,http://www.openphacts.org/units/Nanomolar,2262327,>,1,1,>,,IC50,nM,,22000,CHEMBL3559674,Escherichia coli,Bifunctional protein GlmU,562,,,IC50,uM,UO_0000065,,22
,,15096751,[],CHEMBL3380797,Inhibition of Escherichia coli ATCC 27325 GlmU expressed in Escherichia coli HMS174(DE3) incubated for 15 mins prior to MgCl2 addition measured after 30 mins by malachite green staining-based assay,B,,,BAO_0000190,BAO_0000019,assay format,COc1cc(C(=O)Nc2ccc(NC(=O)c3ccccc3)cc2)cc(-c2c[nH]c(=O)[nH]c2=O)c1O,,,CHEMBL3351874,Bioorg Med Chem,2014,"{'bei': '13.94', 'le': '0.26', 'lle': '3.64', 'sei': '4.29'}",CHEMBL3343050,,CHEMBL3343050,6.58,0,http://www.openphacts.org/units/Nanomolar,2262328,=,1,1,=,,IC50,nM,,260,CHEMBL3559674,Escherichia coli,Bifunctional protein GlmU,562,,,IC50,uM,UO_0000065,,0.26
,,15096752,[],CHEMBL3380797,Inhibition of Escherichia coli ATCC 27325 GlmU expressed in Escherichia coli HMS174(DE3) incubated for 15 mins prior to MgCl2 addition measured after 30 mins by malachite green staining-based assay,B,,,BAO_0000190,BAO_0000019,assay format,COc1cc(C(=O)Nc2ccc(NC(=O)c3ccccn3)cc2)cc(-c2c[nH]c(=O)[nH]c2=O)c1,,,CHEMBL3351874,Bioorg Med Chem,2014,"{'bei': '16.55', 'le': '0.30', 'lle': '4.93', 'sei': '5.18'}",CHEMBL3341771,,CHEMBL3341771,7.57,0,http://www.openphacts.org/units/Nanomolar,2262329,=,1,1,=,,IC50,nM,,27,CHEMBL3559674,Escherichia coli,Bifunctional protein GlmU,562,,,IC50,uM,UO_0000065,,0.027
,,15096753,[],CHEMBL3380797,Inhibition of Escherichia coli ATCC 27325 GlmU expressed in Escherichia coli HMS174(DE3) incubated for 15 mins prior to MgCl2 addition measured after 30 mins by malachite green staining-based assay,B,,,BAO_0000190,BAO_0000019,assay format,O=C(Nc1ccc(NC(=O)c2ccccn2)cc1)c1cccc(-c2c[nH]c(=O)[nH]c2=O)c1,,,CHEMBL3351874,Bioorg Med Chem,2014,"{'bei': '15.10', 'le': '0.28', 'lle': '3.83', 'sei': '4.72'}",CHEMBL3343051,,CHEMBL3343051,6.46,0,http://www.openphacts.org/units/Nanomolar,2264316,=,1,1,=,,IC50,nM,,350,CHEMBL3559674,Escherichia coli,Bifunctional protein GlmU,562,,,IC50,uM,UO_0000065,,0.35
,,15096754,[],CHEMBL3380797,Inhibition of Escherichia coli ATCC 27325 GlmU expressed in Escherichia coli HMS174(DE3) incubated for 15 mins prior to MgCl2 addition measured after 30 mins by malachite green staining-based assay,B,,,BAO_0000190,BAO_0000019,assay format,COc1ccc(C(=O)Nc2ccc(NC(=O)c3ccccn3)cc2)cc1-c1c[nH]c(=O)[nH]c1=O,,,CHEMBL3351874,Bioorg Med Chem,2014,,CHEMBL3343052,,CHEMBL3343052,,0,http://www.openphacts.org/units/Nanomolar,2264317,>,1,1,>,,IC50,nM,,22000,CHEMBL3559674,Escherichia coli,Bifunctional protein GlmU,562,,,IC50,uM,UO_0000065,,22
,,15096755,[],CHEMBL3380797,Inhibition of Escherichia coli ATCC 27325 GlmU expressed in Escherichia coli HMS174(DE3) incubated for 15 mins prior to MgCl2 addition measured after 30 mins by malachite green staining-based assay,B,,,BAO_0000190,BAO_0000019,assay format,COc1cc(C(=O)Nc2ccc(NC(=O)c3ccccn3)cc2)cc(-c2nn[nH]n2)c1,,,CHEMBL3351874,Bioorg Med Chem,2014,"{'bei': '11.26', 'le': '0.21', 'lle': '1.91', 'sei': '3.47'}",CHEMBL3343053,,CHEMBL3343053,4.68,0,http://www.openphacts.org/units/Nanomolar,2264318,=,1,1,=,,IC50,nM,,21000,CHEMBL3559674,Escherichia coli,Bifunctional protein GlmU,562,,,IC50,uM,UO_0000065,,21
,,15096756,[],CHEMBL3380797,Inhibition of Escherichia coli ATCC 27325 GlmU expressed in Escherichia coli HMS174(DE3) incubated for 15 mins prior to MgCl2 addition measured after 30 mins by malachite green staining-based assay,B,,,BAO_0000190,BAO_0000019,assay format,COc1cc(C(=O)Nc2ccc(NC(=O)c3ccccn3)cc2)cc(-c2nc(=O)o[nH]2)c1,,,CHEMBL3351874,Bioorg Med Chem,2014,,CHEMBL3343054,,CHEMBL3343054,,0,http://www.openphacts.org/units/Nanomolar,2264319,>,1,1,>,,IC50,nM,,22000,CHEMBL3559674,Escherichia coli,Bifunctional protein GlmU,562,,,IC50,uM,UO_0000065,,22
,,15096757,[],CHEMBL3380797,Inhibition of Escherichia coli ATCC 27325 GlmU expressed in Escherichia coli HMS174(DE3) incubated for 15 mins prior to MgCl2 addition measured after 30 mins by malachite green staining-based assay,B,,,BAO_0000190,BAO_0000019,assay format,COc1cc(C(=O)Nc2ccc(NC(=O)c3ccccn3)cc2)cc(N2CCC(=O)NC2=O)c1,,,CHEMBL3351874,Bioorg Med Chem,2014,"{'bei': '12.56', 'le': '0.23', 'lle': '2.73', 'sei': '4.45'}",CHEMBL3343055,,CHEMBL3343055,5.77,0,http://www.openphacts.org/units/Nanomolar,2264320,=,1,1,=,,IC50,nM,,1700,CHEMBL3559674,Escherichia coli,Bifunctional protein GlmU,562,,,IC50,uM,UO_0000065,,1.7
,,15096758,[],CHEMBL3380797,Inhibition of Escherichia coli ATCC 27325 GlmU expressed in Escherichia coli HMS174(DE3) incubated for 15 mins prior to MgCl2 addition measured after 30 mins by malachite green staining-based assay,B,,,BAO_0000190,BAO_0000019,assay format,COc1cc(C(=O)Nc2ccc(NC(=O)c3ccccn3)cc2)cc(-c2cnc(=O)[nH]c2)c1,,,CHEMBL3351874,Bioorg Med Chem,2014,"{'bei': '12.18', 'le': '0.22', 'lle': '2.03', 'sei': '4.26'}",CHEMBL3343056,,CHEMBL3343056,5.38,0,http://www.openphacts.org/units/Nanomolar,2264321,=,1,1,=,,IC50,nM,,4200,CHEMBL3559674,Escherichia coli,Bifunctional protein GlmU,562,,,IC50,uM,UO_0000065,,4.2
,,15096759,[],CHEMBL3380797,Inhibition of Escherichia coli ATCC 27325 GlmU expressed in Escherichia coli HMS174(DE3) incubated for 15 mins prior to MgCl2 addition measured after 30 mins by malachite green staining-based assay,B,,,BAO_0000190,BAO_0000019,assay format,COc1cc(C(=O)Nc2ccc(NC(=O)C3CCCCN3)cc2)cc(-c2c[nH]c(=O)[nH]c2=O)c1,,,CHEMBL3351874,Bioorg Med Chem,2014,"{'bei': '14.93', 'le': '0.28', 'lle': '4.85', 'sei': '4.77'}",CHEMBL3343057,,CHEMBL3343057,6.92,0,http://www.openphacts.org/units/Nanomolar,2264322,=,1,1,=,,IC50,nM,,120,CHEMBL3559674,Escherichia coli,Bifunctional protein GlmU,562,,,IC50,uM,UO_0000065,,0.12
,,15096760,[],CHEMBL3380797,Inhibition of Escherichia coli ATCC 27325 GlmU expressed in Escherichia coli HMS174(DE3) incubated for 15 mins prior to MgCl2 addition measured after 30 mins by malachite green staining-based assay,B,,,BAO_0000190,BAO_0000019,assay format,CCNC(=O)Nc1ccc(NC(=O)c2cc(OC)cc(-c3c[nH]c(=O)[nH]c3=O)c2)cc1,,,CHEMBL3351874,Bioorg Med Chem,2014,"{'bei': '14.20', 'le': '0.26', 'lle': '3.88', 'sei': '4.14'}",CHEMBL3343058,,CHEMBL3343058,6.01,0,http://www.openphacts.org/units/Nanomolar,2264323,=,1,1,=,,IC50,nM,,970,CHEMBL3559674,Escherichia coli,Bifunctional protein GlmU,562,,,IC50,uM,UO_0000065,,0.97
,,15215230,[],CHEMBL3418279,Inhibition of Escherichia coli GlmU acetyltransferase activity assessed as coenzyme A production using acetyl CoA substrate at 100 uM,B,,,BAO_0000201,BAO_0000357,single protein format,CCOC(=O)c1cc(S(=O)(=O)N(C)CC(=O)Nc2ccc(C)cn2)cn1C,,,CHEMBL3414535,Eur J Med Chem,2015,,CHEMBL3415103,,CHEMBL3415103,,0,http://qudt.org/vocab/unit#Percent,2290601,=,1,1,=,,Inhibition,%,,14.28,CHEMBL3414415,Escherichia coli (strain K12),Bifunctional protein GlmU,83333,,,INH,%,UO_0000187,,14.28
,,15215231,[],CHEMBL3418279,Inhibition of Escherichia coli GlmU acetyltransferase activity assessed as coenzyme A production using acetyl CoA substrate at 100 uM,B,,,BAO_0000201,BAO_0000357,single protein format,O=S(=O)(c1ccccc1)c1nc(-c2ccsc2)oc1NCC1CCCO1,,,CHEMBL3414535,Eur J Med Chem,2015,,CHEMBL3415104,,CHEMBL3415104,,0,http://qudt.org/vocab/unit#Percent,2290602,=,1,1,=,,Inhibition,%,,13.31,CHEMBL3414415,Escherichia coli (strain K12),Bifunctional protein GlmU,83333,,,INH,%,UO_0000187,,13.31
,,15215232,[],CHEMBL3418279,Inhibition of Escherichia coli GlmU acetyltransferase activity assessed as coenzyme A production using acetyl CoA substrate at 100 uM,B,,,BAO_0000201,BAO_0000357,single protein format,Cc1cc(S(=O)(=O)C(CNC(=O)c2ccco2)c2ccco2)ccc1F,,,CHEMBL3414535,Eur J Med Chem,2015,,CHEMBL3415105,,CHEMBL3415105,,0,http://qudt.org/vocab/unit#Percent,2290603,=,1,1,=,,Inhibition,%,,12.55,CHEMBL3414415,Escherichia coli (strain K12),Bifunctional protein GlmU,83333,,,INH,%,UO_0000187,,12.55
,,15215233,[],CHEMBL3418279,Inhibition of Escherichia coli GlmU acetyltransferase activity assessed as coenzyme A production using acetyl CoA substrate at 100 uM,B,,,BAO_0000201,BAO_0000357,single protein format,COCCNC(=O)c1ccccc1NS(=O)(=O)c1ccc2c(c1)OCCO2,,,CHEMBL3414535,Eur J Med Chem,2015,,CHEMBL3415106,,CHEMBL3415106,,0,http://qudt.org/vocab/unit#Percent,2290604,=,1,1,=,,Inhibition,%,,12.03,CHEMBL3414415,Escherichia coli (strain K12),Bifunctional protein GlmU,83333,,,INH,%,UO_0000187,,12.03
,,15215234,[],CHEMBL3418279,Inhibition of Escherichia coli GlmU acetyltransferase activity assessed as coenzyme A production using acetyl CoA substrate at 100 uM,B,,,BAO_0000201,BAO_0000357,single protein format,CCOC(=O)c1cc(S(=O)(=O)N(C)CC(=O)Nc2ccc(F)cc2)cn1C,,,CHEMBL3414535,Eur J Med Chem,2015,,CHEMBL3415107,,CHEMBL3415107,,0,http://qudt.org/vocab/unit#Percent,2290605,=,1,1,=,,Inhibition,%,,11.88,CHEMBL3414415,Escherichia coli (strain K12),Bifunctional protein GlmU,83333,,,INH,%,UO_0000187,,11.88
,,15215235,[],CHEMBL3418279,Inhibition of Escherichia coli GlmU acetyltransferase activity assessed as coenzyme A production using acetyl CoA substrate at 100 uM,B,,,BAO_0000201,BAO_0000357,single protein format,Cc1ccc(S(=O)(=O)n2ccn(C(=O)C(C)Oc3ccccc3)c2=O)cc1,,,CHEMBL3414535,Eur J Med Chem,2015,,CHEMBL3415108,,CHEMBL3415108,,0,http://qudt.org/vocab/unit#Percent,2290606,=,1,1,=,,Inhibition,%,,11.13,CHEMBL3414415,Escherichia coli (strain K12),Bifunctional protein GlmU,83333,,,INH,%,UO_0000187,,11.13
,,15215236,[],CHEMBL3418279,Inhibition of Escherichia coli GlmU acetyltransferase activity assessed as coenzyme A production using acetyl CoA substrate at 100 uM,B,,,BAO_0000201,BAO_0000357,single protein format,CCOC(=O)c1cc(S(=O)(=O)N2CCCC2C(=O)NC(C)C)cn1C,,,CHEMBL3414535,Eur J Med Chem,2015,,CHEMBL3415109,,CHEMBL3415109,,0,http://qudt.org/vocab/unit#Percent,2290607,=,1,1,=,,Inhibition,%,,10.27,CHEMBL3414415,Escherichia coli (strain K12),Bifunctional protein GlmU,83333,,,INH,%,UO_0000187,,10.27
,,15215237,[],CHEMBL3418279,Inhibition of Escherichia coli GlmU acetyltransferase activity assessed as coenzyme A production using acetyl CoA substrate at 100 uM,B,,,BAO_0000201,BAO_0000357,single protein format,CCc1ccccc1NS(=O)(=O)c1ccc(-c2ccc(=O)[nH]n2)o1,,,CHEMBL3414535,Eur J Med Chem,2015,,CHEMBL3415110,,CHEMBL3415110,,0,http://qudt.org/vocab/unit#Percent,2290608,=,1,1,=,,Inhibition,%,,9.82,CHEMBL3414415,Escherichia coli (strain K12),Bifunctional protein GlmU,83333,,,INH,%,UO_0000187,,9.82
,,15215238,[],CHEMBL3418279,Inhibition of Escherichia coli GlmU acetyltransferase activity assessed as coenzyme A production using acetyl CoA substrate at 100 uM,B,,,BAO_0000201,BAO_0000357,single protein format,CCOC(=O)CC1(c2ccccc2)SC(NC(C)=O)=NN1C(C)=O,,,CHEMBL3414535,Eur J Med Chem,2015,,CHEMBL3415111,,CHEMBL3415111,,0,http://qudt.org/vocab/unit#Percent,2290609,=,1,1,=,,Inhibition,%,,9.41,CHEMBL3414415,Escherichia coli (strain K12),Bifunctional protein GlmU,83333,,,INH,%,UO_0000187,,9.41
,,15215239,[],CHEMBL3418279,Inhibition of Escherichia coli GlmU acetyltransferase activity assessed as coenzyme A production using acetyl CoA substrate at 100 uM,B,,,BAO_0000201,BAO_0000357,single protein format,CCOC(=O)c1cc(S(=O)(=O)N2CCCC2C(=O)N2CCCC2)cn1C,,,CHEMBL3414535,Eur J Med Chem,2015,,CHEMBL3415112,,CHEMBL3415112,,0,http://qudt.org/vocab/unit#Percent,2290610,=,1,1,=,,Inhibition,%,,7.99,CHEMBL3414415,Escherichia coli (strain K12),Bifunctional protein GlmU,83333,,,INH,%,UO_0000187,,7.99
,,15215240,[],CHEMBL3418279,Inhibition of Escherichia coli GlmU acetyltransferase activity assessed as coenzyme A production using acetyl CoA substrate at 100 uM,B,,,BAO_0000201,BAO_0000357,single protein format,COC(=O)c1cc(S(=O)(=O)Nc2cccc(SC)c2)c[nH]1,,,CHEMBL3414535,Eur J Med Chem,2015,,CHEMBL3415113,,CHEMBL3415113,,0,http://qudt.org/vocab/unit#Percent,2290611,=,1,1,=,,Inhibition,%,,5.65,CHEMBL3414415,Escherichia coli (strain K12),Bifunctional protein GlmU,83333,,,INH,%,UO_0000187,,5.65
,,15215241,[],CHEMBL3418279,Inhibition of Escherichia coli GlmU acetyltransferase activity assessed as coenzyme A production using acetyl CoA substrate at 100 uM,B,,,BAO_0000201,BAO_0000357,single protein format,O=S(=O)(Nc1cc(F)cc(F)c1)c1c[nH]c2ncccc12,,,CHEMBL3414535,Eur J Med Chem,2015,,CHEMBL3415102,,CHEMBL3415102,,0,http://qudt.org/vocab/unit#Percent,2290600,=,1,1,=,,Inhibition,%,,14.83,CHEMBL3414415,Escherichia coli (strain K12),Bifunctional protein GlmU,83333,,,INH,%,UO_0000187,,14.83
,,15215242,[],CHEMBL3418279,Inhibition of Escherichia coli GlmU acetyltransferase activity assessed as coenzyme A production using acetyl CoA substrate at 100 uM,B,,,BAO_0000201,BAO_0000357,single protein format,CCOC(=O)c1c(S(=O)(=O)NCC(=O)Nc2ccccc2)c(C)n(C)c1C,,,CHEMBL3414535,Eur J Med Chem,2015,,CHEMBL1462863,,CHEMBL1462863,,0,http://qudt.org/vocab/unit#Percent,2290599,=,1,1,=,,Inhibition,%,,15.17,CHEMBL3414415,Escherichia coli (strain K12),Bifunctional protein GlmU,83333,,,INH,%,UO_0000187,,15.17
,,15215243,[],CHEMBL3418279,Inhibition of Escherichia coli GlmU acetyltransferase activity assessed as coenzyme A production using acetyl CoA substrate at 100 uM,B,,,BAO_0000201,BAO_0000357,single protein format,O=C(Nc1nc(S(=O)(=O)Cc2ccccc2)ns1)c1ccccc1,,,CHEMBL3414535,Eur J Med Chem,2015,,CHEMBL3415101,,CHEMBL3415101,,0,http://qudt.org/vocab/unit#Percent,2290598,=,1,1,=,,Inhibition,%,,15.75,CHEMBL3414415,Escherichia coli (strain K12),Bifunctional protein GlmU,83333,,,INH,%,UO_0000187,,15.75
,,15215244,[],CHEMBL3418279,Inhibition of Escherichia coli GlmU acetyltransferase activity assessed as coenzyme A production using acetyl CoA substrate at 100 uM,B,,,BAO_0000201,BAO_0000357,single protein format,CCOC(=O)c1c(S(=O)(=O)NCC(=O)Nc2cccnc2)c(C)n(C)c1C,,,CHEMBL3414535,Eur J Med Chem,2015,,CHEMBL3415100,,CHEMBL3415100,,0,http://qudt.org/vocab/unit#Percent,2290597,=,1,1,=,,Inhibition,%,,16.21,CHEMBL3414415,Escherichia coli (strain K12),Bifunctional protein GlmU,83333,,,INH,%,UO_0000187,,16.21
,,15215245,[],CHEMBL3418279,Inhibition of Escherichia coli GlmU acetyltransferase activity assessed as coenzyme A production using acetyl CoA substrate at 100 uM,B,,,BAO_0000201,BAO_0000357,single protein format,CCOC(=O)c1c(C)[nH]c(C)c1S(=O)(=O)NCC(=O)Nc1cccnc1,,,CHEMBL3414535,Eur J Med Chem,2015,,CHEMBL3415099,,CHEMBL3415099,,0,http://qudt.org/vocab/unit#Percent,2290596,=,1,1,=,,Inhibition,%,,16.51,CHEMBL3414415,Escherichia coli (strain K12),Bifunctional protein GlmU,83333,,,INH,%,UO_0000187,,16.51
,,15215246,[],CHEMBL3418279,Inhibition of Escherichia coli GlmU acetyltransferase activity assessed as coenzyme A production using acetyl CoA substrate at 100 uM,B,,,BAO_0000201,BAO_0000357,single protein format,CCOc1ccc(OCC)c(Nc2c(-c3ccccc3)c(=O)c2=O)c1,,,CHEMBL3414535,Eur J Med Chem,2015,,CHEMBL3415098,,CHEMBL3415098,,0,http://qudt.org/vocab/unit#Percent,2290595,=,1,1,=,,Inhibition,%,,16.82,CHEMBL3414415,Escherichia coli (strain K12),Bifunctional protein GlmU,83333,,,INH,%,UO_0000187,,16.82
,,15215247,[],CHEMBL3418279,Inhibition of Escherichia coli GlmU acetyltransferase activity assessed as coenzyme A production using acetyl CoA substrate at 100 uM,B,,,BAO_0000201,BAO_0000357,single protein format,O=S(=O)(Nc1cc(F)ccc1F)c1c[nH]c2ncccc12,,,CHEMBL3414535,Eur J Med Chem,2015,,CHEMBL3415097,,CHEMBL3415097,,0,http://qudt.org/vocab/unit#Percent,2290594,=,1,1,=,,Inhibition,%,,16.82,CHEMBL3414415,Escherichia coli (strain K12),Bifunctional protein GlmU,83333,,,INH,%,UO_0000187,,16.82
,,15215248,[],CHEMBL3418279,Inhibition of Escherichia coli GlmU acetyltransferase activity assessed as coenzyme A production using acetyl CoA substrate at 100 uM,B,,,BAO_0000201,BAO_0000357,single protein format,COc1ccc(S(=O)(=O)C(CNC(=O)c2ccccc2)c2ccco2)cc1,,,CHEMBL3414535,Eur J Med Chem,2015,,CHEMBL3415096,,CHEMBL3415096,,0,http://qudt.org/vocab/unit#Percent,2290593,=,1,1,=,,Inhibition,%,,17.07,CHEMBL3414415,Escherichia coli (strain K12),Bifunctional protein GlmU,83333,,,INH,%,UO_0000187,,17.07
,,15215249,[],CHEMBL3418279,Inhibition of Escherichia coli GlmU acetyltransferase activity assessed as coenzyme A production using acetyl CoA substrate at 100 uM,B,,,BAO_0000201,BAO_0000357,single protein format,O=C(Nc1nonc1-c1ccccc1)C1COc2ccccc2O1,,,CHEMBL3414535,Eur J Med Chem,2015,,CHEMBL3415095,,CHEMBL3415095,,0,http://qudt.org/vocab/unit#Percent,2290592,=,1,1,=,,Inhibition,%,,17.53,CHEMBL3414415,Escherichia coli (strain K12),Bifunctional protein GlmU,83333,,,INH,%,UO_0000187,,17.53
,,15215250,[],CHEMBL3418279,Inhibition of Escherichia coli GlmU acetyltransferase activity assessed as coenzyme A production using acetyl CoA substrate at 100 uM,B,,,BAO_0000201,BAO_0000357,single protein format,O=C(CSC1=NS(=O)(=O)c2ccccc2N1)OCc1ccccc1,,,CHEMBL3414535,Eur J Med Chem,2015,,CHEMBL3415094,,CHEMBL3415094,,0,http://qudt.org/vocab/unit#Percent,2290591,=,1,1,=,,Inhibition,%,,18.45,CHEMBL3414415,Escherichia coli (strain K12),Bifunctional protein GlmU,83333,,,INH,%,UO_0000187,,18.45
,,15215251,[],CHEMBL3418279,Inhibition of Escherichia coli GlmU acetyltransferase activity assessed as coenzyme A production using acetyl CoA substrate at 100 uM,B,,,BAO_0000201,BAO_0000357,single protein format,c1cncc(CNc2nnc(-c3nc(C4CC4)no3)c3ccccc23)c1,,,CHEMBL3414535,Eur J Med Chem,2015,,CHEMBL3415093,,CHEMBL3415093,,0,http://qudt.org/vocab/unit#Percent,2290590,=,1,1,=,,Inhibition,%,,18.51,CHEMBL3414415,Escherichia coli (strain K12),Bifunctional protein GlmU,83333,,,INH,%,UO_0000187,,18.51
,,15215252,[],CHEMBL3418279,Inhibition of Escherichia coli GlmU acetyltransferase activity assessed as coenzyme A production using acetyl CoA substrate at 100 uM,B,,,BAO_0000201,BAO_0000357,single protein format,COc1cc(NS(=O)(=O)c2c[nH]c3ncccc23)cc(OC)c1,,,CHEMBL3414535,Eur J Med Chem,2015,,CHEMBL3415092,,CHEMBL3415092,,0,http://qudt.org/vocab/unit#Percent,2290589,=,1,1,=,,Inhibition,%,,19.31,CHEMBL3414415,Escherichia coli (strain K12),Bifunctional protein GlmU,83333,,,INH,%,UO_0000187,,19.31
,,15215253,[],CHEMBL3418279,Inhibition of Escherichia coli GlmU acetyltransferase activity assessed as coenzyme A production using acetyl CoA substrate at 100 uM,B,,,BAO_0000201,BAO_0000357,single protein format,O=C(CN1c2ccc(F)cc2-c2ccccc2S1(=O)=O)Nc1cccnc1,,,CHEMBL3414535,Eur J Med Chem,2015,,CHEMBL3415091,,CHEMBL3415091,,0,http://qudt.org/vocab/unit#Percent,2290588,=,1,1,=,,Inhibition,%,,19.8,CHEMBL3414415,Escherichia coli (strain K12),Bifunctional protein GlmU,83333,,,INH,%,UO_0000187,,19.8
,,15215254,[],CHEMBL3418279,Inhibition of Escherichia coli GlmU acetyltransferase activity assessed as coenzyme A production using acetyl CoA substrate at 100 uM,B,,,BAO_0000201,BAO_0000357,single protein format,CCCN1C=NS(=O)(=O)c2cc(C(=O)Nc3ccccc3F)ccc21,,,CHEMBL3414535,Eur J Med Chem,2015,,CHEMBL3415090,,CHEMBL3415090,,0,http://qudt.org/vocab/unit#Percent,2290587,=,1,1,=,,Inhibition,%,,20.11,CHEMBL3414415,Escherichia coli (strain K12),Bifunctional protein GlmU,83333,,,INH,%,UO_0000187,,20.11
,,15215255,[],CHEMBL3418279,Inhibition of Escherichia coli GlmU acetyltransferase activity assessed as coenzyme A production using acetyl CoA substrate at 100 uM,B,,,BAO_0000201,BAO_0000357,single protein format,COc1ccc(C2SCC(=O)Nc3[nH]nc(C)c32)c(OC)c1OC,,,CHEMBL3414535,Eur J Med Chem,2015,,CHEMBL3415089,,CHEMBL3415089,,0,http://qudt.org/vocab/unit#Percent,2290586,=,1,1,=,,Inhibition,%,,20.51,CHEMBL3414415,Escherichia coli (strain K12),Bifunctional protein GlmU,83333,,,INH,%,UO_0000187,,20.51
,,15215256,[],CHEMBL3418279,Inhibition of Escherichia coli GlmU acetyltransferase activity assessed as coenzyme A production using acetyl CoA substrate at 100 uM,B,,,BAO_0000201,BAO_0000357,single protein format,O=S(=O)(c1ccccc1)c1nc(-c2ccco2)oc1NCCCn1ccnc1,,,CHEMBL3414535,Eur J Med Chem,2015,,CHEMBL1347482,,CHEMBL1347482,,0,http://qudt.org/vocab/unit#Percent,2290585,=,1,1,=,,Inhibition,%,,20.7,CHEMBL3414415,Escherichia coli (strain K12),Bifunctional protein GlmU,83333,,,INH,%,UO_0000187,,20.7
,,15215257,[],CHEMBL3418279,Inhibition of Escherichia coli GlmU acetyltransferase activity assessed as coenzyme A production using acetyl CoA substrate at 100 uM,B,,,BAO_0000201,BAO_0000357,single protein format,Cc1cc(SCC(=O)c2ccc(O)cc2O)ncn1,,,CHEMBL3414535,Eur J Med Chem,2015,,CHEMBL3415088,,CHEMBL3415088,,0,http://qudt.org/vocab/unit#Percent,2290584,=,1,1,=,,Inhibition,%,,20.86,CHEMBL3414415,Escherichia coli (strain K12),Bifunctional protein GlmU,83333,,,INH,%,UO_0000187,,20.86
,,15215258,[],CHEMBL3418279,Inhibition of Escherichia coli GlmU acetyltransferase activity assessed as coenzyme A production using acetyl CoA substrate at 100 uM,B,,,BAO_0000201,BAO_0000357,single protein format,CCn1c(C)c(-c2nc(C3CC3)no2)c(S(=O)(=O)NCC2CCCO2)c1C,,,CHEMBL3414535,Eur J Med Chem,2015,,CHEMBL3415087,,CHEMBL3415087,,0,http://qudt.org/vocab/unit#Percent,2290583,=,1,1,=,,Inhibition,%,,21.05,CHEMBL3414415,Escherichia coli (strain K12),Bifunctional protein GlmU,83333,,,INH,%,UO_0000187,,21.05
,,15215259,[],CHEMBL3418279,Inhibition of Escherichia coli GlmU acetyltransferase activity assessed as coenzyme A production using acetyl CoA substrate at 100 uM,B,,,BAO_0000201,BAO_0000357,single protein format,COc1ccccc1NS(=O)(=O)c1cc(-c2cnc(C3CC3)o2)ccc1C,,,CHEMBL3414535,Eur J Med Chem,2015,,CHEMBL1705713,,CHEMBL1705713,,0,http://qudt.org/vocab/unit#Percent,2290582,=,1,1,=,,Inhibition,%,,21.08,CHEMBL3414415,Escherichia coli (strain K12),Bifunctional protein GlmU,83333,,,INH,%,UO_0000187,,21.08
,,15215260,[],CHEMBL3418279,Inhibition of Escherichia coli GlmU acetyltransferase activity assessed as coenzyme A production using acetyl CoA substrate at 100 uM,B,,,BAO_0000201,BAO_0000357,single protein format,CCn1cc(C(=O)NCc2ccco2)c(S(=O)(=O)N2CCSCC2)n1,,,CHEMBL3414535,Eur J Med Chem,2015,,CHEMBL3415086,,CHEMBL3415086,,0,http://qudt.org/vocab/unit#Percent,2290581,=,1,1,=,,Inhibition,%,,22.08,CHEMBL3414415,Escherichia coli (strain K12),Bifunctional protein GlmU,83333,,,INH,%,UO_0000187,,22.08
,,15215261,[],CHEMBL3418279,Inhibition of Escherichia coli GlmU acetyltransferase activity assessed as coenzyme A production using acetyl CoA substrate at 100 uM,B,,,BAO_0000201,BAO_0000357,single protein format,CC(=O)Cc1nsc(NC(=O)C2(C)Cc3ccccc3C(=O)O2)n1,,,CHEMBL3414535,Eur J Med Chem,2015,,CHEMBL3415085,,CHEMBL3415085,,0,http://qudt.org/vocab/unit#Percent,2290580,=,1,1,=,,Inhibition,%,,24.58,CHEMBL3414415,Escherichia coli (strain K12),Bifunctional protein GlmU,83333,,,INH,%,UO_0000187,,24.58
,,15215262,[],CHEMBL3418279,Inhibition of Escherichia coli GlmU acetyltransferase activity assessed as coenzyme A production using acetyl CoA substrate at 100 uM,B,,,BAO_0000201,BAO_0000357,single protein format,O=C(NCCN1CCCC1)C1=C2CCCN2c2ccc(F)cc2S1(=O)=O,,,CHEMBL3414535,Eur J Med Chem,2015,,CHEMBL3415084,,CHEMBL3415084,,0,http://qudt.org/vocab/unit#Percent,2290579,=,1,1,=,,Inhibition,%,,25.06,CHEMBL3414415,Escherichia coli (strain K12),Bifunctional protein GlmU,83333,,,INH,%,UO_0000187,,25.06
,,15215263,[],CHEMBL3418279,Inhibition of Escherichia coli GlmU acetyltransferase activity assessed as coenzyme A production using acetyl CoA substrate at 100 uM,B,,,BAO_0000201,BAO_0000357,single protein format,COC(=O)C1CN(C(=O)C(C)Oc2ccccc2F)c2ccccc2O1,,,CHEMBL3414535,Eur J Med Chem,2015,,CHEMBL1902547,,CHEMBL1902547,,0,http://qudt.org/vocab/unit#Percent,2290578,=,1,1,=,,Inhibition,%,,25.49,CHEMBL3414415,Escherichia coli (strain K12),Bifunctional protein GlmU,83333,,,INH,%,UO_0000187,,25.49
,,15215264,[],CHEMBL3418279,Inhibition of Escherichia coli GlmU acetyltransferase activity assessed as coenzyme A production using acetyl CoA substrate at 100 uM,B,,,BAO_0000201,BAO_0000357,single protein format,O=S(=O)(Nc1ccc(F)c(F)c1)c1c[nH]c2ncccc12,,,CHEMBL3414535,Eur J Med Chem,2015,,CHEMBL3415083,,CHEMBL3415083,,0,http://qudt.org/vocab/unit#Percent,2290577,=,1,1,=,,Inhibition,%,,25.87,CHEMBL3414415,Escherichia coli (strain K12),Bifunctional protein GlmU,83333,,,INH,%,UO_0000187,,25.87
,,15215265,[],CHEMBL3418279,Inhibition of Escherichia coli GlmU acetyltransferase activity assessed as coenzyme A production using acetyl CoA substrate at 100 uM,B,,,BAO_0000201,BAO_0000357,single protein format,Cc1nc2c(c(SCC(=O)c3ccc(O)cc3O)n1)CCC2,,,CHEMBL3414535,Eur J Med Chem,2015,,CHEMBL3415082,,CHEMBL3415082,,0,http://qudt.org/vocab/unit#Percent,2290576,=,1,1,=,,Inhibition,%,,25.88,CHEMBL3414415,Escherichia coli (strain K12),Bifunctional protein GlmU,83333,,,INH,%,UO_0000187,,25.88
,,15215266,[],CHEMBL3418279,Inhibition of Escherichia coli GlmU acetyltransferase activity assessed as coenzyme A production using acetyl CoA substrate at 100 uM,B,,,BAO_0000201,BAO_0000357,single protein format,Cc1nn(-c2ccccc2)c(O)c1/C=N/NC(=O)C(O)c1ccccc1,,,CHEMBL3414535,Eur J Med Chem,2015,,CHEMBL3415081,,CHEMBL3415081,,0,http://qudt.org/vocab/unit#Percent,2290575,=,1,1,=,,Inhibition,%,,28.12,CHEMBL3414415,Escherichia coli (strain K12),Bifunctional protein GlmU,83333,,,INH,%,UO_0000187,,28.12
,,15215267,[],CHEMBL3418279,Inhibition of Escherichia coli GlmU acetyltransferase activity assessed as coenzyme A production using acetyl CoA substrate at 100 uM,B,,,BAO_0000201,BAO_0000357,single protein format,O=C(CN1c2cccc3cccc(c23)S1(=O)=O)Nc1ccc(F)c(F)c1,,,CHEMBL3414535,Eur J Med Chem,2015,,CHEMBL3415080,,CHEMBL3415080,,0,http://qudt.org/vocab/unit#Percent,2290574,=,1,1,=,,Inhibition,%,,28.4,CHEMBL3414415,Escherichia coli (strain K12),Bifunctional protein GlmU,83333,,,INH,%,UO_0000187,,28.4
,,15215268,[],CHEMBL3418279,Inhibition of Escherichia coli GlmU acetyltransferase activity assessed as coenzyme A production using acetyl CoA substrate at 100 uM,B,,,BAO_0000201,BAO_0000357,single protein format,CN1C(C(=O)NCC2CCCO2)=CC(c2ccco2)=NS1(=O)=O,,,CHEMBL3414535,Eur J Med Chem,2015,,CHEMBL3415079,,CHEMBL3415079,,0,http://qudt.org/vocab/unit#Percent,2290573,=,1,1,=,,Inhibition,%,,28.57,CHEMBL3414415,Escherichia coli (strain K12),Bifunctional protein GlmU,83333,,,INH,%,UO_0000187,,28.57
,,15215269,[],CHEMBL3418279,Inhibition of Escherichia coli GlmU acetyltransferase activity assessed as coenzyme A production using acetyl CoA substrate at 100 uM,B,,,BAO_0000201,BAO_0000357,single protein format,CC(Sc1nnc(O)nc1O)C(=O)OCc1ccccc1,,,CHEMBL3414535,Eur J Med Chem,2015,,CHEMBL1598751,,CHEMBL1598751,,0,http://qudt.org/vocab/unit#Percent,2290572,=,1,1,=,,Inhibition,%,,28.64,CHEMBL3414415,Escherichia coli (strain K12),Bifunctional protein GlmU,83333,,,INH,%,UO_0000187,,28.64
,,15215270,[],CHEMBL3418279,Inhibition of Escherichia coli GlmU acetyltransferase activity assessed as coenzyme A production using acetyl CoA substrate at 100 uM,B,,,BAO_0000201,BAO_0000357,single protein format,CCOc1ccc(OCC)c(NS(=O)(=O)c2ccc3c(c2)N(C)CCO3)c1,,,CHEMBL3414535,Eur J Med Chem,2015,,CHEMBL3415078,,CHEMBL3415078,,0,http://qudt.org/vocab/unit#Percent,2290571,=,1,1,=,,Inhibition,%,,29.2,CHEMBL3414415,Escherichia coli (strain K12),Bifunctional protein GlmU,83333,,,INH,%,UO_0000187,,29.2
,,15215271,[],CHEMBL3418279,Inhibition of Escherichia coli GlmU acetyltransferase activity assessed as coenzyme A production using acetyl CoA substrate at 100 uM,B,,,BAO_0000201,BAO_0000357,single protein format,O=S(=O)(NCc1ccccn1)c1ccc(-c2ccno2)o1,,,CHEMBL3414535,Eur J Med Chem,2015,,CHEMBL3415077,,CHEMBL3415077,,0,http://qudt.org/vocab/unit#Percent,2290570,=,1,1,=,,Inhibition,%,,30.55,CHEMBL3414415,Escherichia coli (strain K12),Bifunctional protein GlmU,83333,,,INH,%,UO_0000187,,30.55
,,15215272,[],CHEMBL3418279,Inhibition of Escherichia coli GlmU acetyltransferase activity assessed as coenzyme A production using acetyl CoA substrate at 100 uM,B,,,BAO_0000201,BAO_0000357,single protein format,CCOC(=O)c1cc(S(=O)(=O)N2CCCC2C(=O)NC(C)(C)CC)cn1C,,,CHEMBL3414535,Eur J Med Chem,2015,,CHEMBL3415076,,CHEMBL3415076,,0,http://qudt.org/vocab/unit#Percent,2290569,=,1,1,=,,Inhibition,%,,30.76,CHEMBL3414415,Escherichia coli (strain K12),Bifunctional protein GlmU,83333,,,INH,%,UO_0000187,,30.76
,,15215273,[],CHEMBL3418279,Inhibition of Escherichia coli GlmU acetyltransferase activity assessed as coenzyme A production using acetyl CoA substrate at 100 uM,B,,,BAO_0000201,BAO_0000357,single protein format,O=S(=O)(c1cc(-c2nnc(C3CCCC3)o2)co1)N1CCc2ccccc2C1,,,CHEMBL3414535,Eur J Med Chem,2015,,CHEMBL3415075,,CHEMBL3415075,,0,http://qudt.org/vocab/unit#Percent,2290568,=,1,1,=,,Inhibition,%,,32.34,CHEMBL3414415,Escherichia coli (strain K12),Bifunctional protein GlmU,83333,,,INH,%,UO_0000187,,32.34
,,15215274,[],CHEMBL3418279,Inhibition of Escherichia coli GlmU acetyltransferase activity assessed as coenzyme A production using acetyl CoA substrate at 100 uM,B,,,BAO_0000201,BAO_0000357,single protein format,Cc1ccc(C)c(NS(=O)(=O)c2ccc(-c3nnc(C(C)C)o3)o2)c1,,,CHEMBL3414535,Eur J Med Chem,2015,,CHEMBL3415074,,CHEMBL3415074,,0,http://qudt.org/vocab/unit#Percent,2290567,=,1,1,=,,Inhibition,%,,34.43,CHEMBL3414415,Escherichia coli (strain K12),Bifunctional protein GlmU,83333,,,INH,%,UO_0000187,,34.43
,,15215275,[],CHEMBL3418279,Inhibition of Escherichia coli GlmU acetyltransferase activity assessed as coenzyme A production using acetyl CoA substrate at 100 uM,B,,,BAO_0000201,BAO_0000357,single protein format,COc1ccc(-c2cnc(C)o2)cc1S(=O)(=O)Nc1cccc(F)c1,,,CHEMBL3414535,Eur J Med Chem,2015,,CHEMBL3415073,,CHEMBL3415073,,0,http://qudt.org/vocab/unit#Percent,2290566,=,1,1,=,,Inhibition,%,,36,CHEMBL3414415,Escherichia coli (strain K12),Bifunctional protein GlmU,83333,,,INH,%,UO_0000187,,36
,,15215276,[],CHEMBL3418279,Inhibition of Escherichia coli GlmU acetyltransferase activity assessed as coenzyme A production using acetyl CoA substrate at 100 uM,B,,,BAO_0000201,BAO_0000357,single protein format,COc1cc(Nc2c(-c3ccccc3)c(=O)c2=O)cc(OC)c1,,,CHEMBL3414535,Eur J Med Chem,2015,,CHEMBL3414895,,CHEMBL3414895,,0,http://qudt.org/vocab/unit#Percent,2290317,=,1,1,=,,Inhibition,%,,40,CHEMBL3414415,Escherichia coli (strain K12),Bifunctional protein GlmU,83333,,,INH,%,UO_0000187,,40
,,15215277,[],CHEMBL3418279,Inhibition of Escherichia coli GlmU acetyltransferase activity assessed as coenzyme A production using acetyl CoA substrate at 100 uM,B,,,BAO_0000201,BAO_0000357,single protein format,COc1ccc(-c2cnc(C)o2)cc1S(=O)(=O)Nc1cccc(Cl)c1,,,CHEMBL3414535,Eur J Med Chem,2015,,CHEMBL3414894,,CHEMBL3414894,,0,http://qudt.org/vocab/unit#Percent,2290316,=,1,1,=,,Inhibition,%,,40.56,CHEMBL3414415,Escherichia coli (strain K12),Bifunctional protein GlmU,83333,,,INH,%,UO_0000187,,40.56
,,15215278,[],CHEMBL3418279,Inhibition of Escherichia coli GlmU acetyltransferase activity assessed as coenzyme A production using acetyl CoA substrate at 100 uM,B,,,BAO_0000201,BAO_0000357,single protein format,COc1ccc(OC)c(N(CC(=O)O)S(=O)(=O)c2ccccc2)c1,,,CHEMBL3414535,Eur J Med Chem,2015,,CHEMBL3414893,,CHEMBL3414893,,0,http://qudt.org/vocab/unit#Percent,2290315,=,1,1,=,,Inhibition,%,,42.01,CHEMBL3414415,Escherichia coli (strain K12),Bifunctional protein GlmU,83333,,,INH,%,UO_0000187,,42.01
,,15215279,[],CHEMBL3418279,Inhibition of Escherichia coli GlmU acetyltransferase activity assessed as coenzyme A production using acetyl CoA substrate at 100 uM,B,,,BAO_0000201,BAO_0000357,single protein format,O=S(=O)(NCc1cccnc1)c1ccc(-c2ccno2)o1,,,CHEMBL3414535,Eur J Med Chem,2015,,CHEMBL3414892,,CHEMBL3414892,,0,http://qudt.org/vocab/unit#Percent,2290314,=,1,1,=,,Inhibition,%,,44.66,CHEMBL3414415,Escherichia coli (strain K12),Bifunctional protein GlmU,83333,,,INH,%,UO_0000187,,44.66
,,15215280,[],CHEMBL3418279,Inhibition of Escherichia coli GlmU acetyltransferase activity assessed as coenzyme A production using acetyl CoA substrate at 100 uM,B,,,BAO_0000201,BAO_0000357,single protein format,COc1ccc(Cl)cc1N(CC(=O)O)S(=O)(=O)c1ccccc1,,,CHEMBL3414535,Eur J Med Chem,2015,,CHEMBL3414891,,CHEMBL3414891,,0,http://qudt.org/vocab/unit#Percent,2290313,=,1,1,=,,Inhibition,%,,45.15,CHEMBL3414415,Escherichia coli (strain K12),Bifunctional protein GlmU,83333,,,INH,%,UO_0000187,,45.15
,,15215281,[],CHEMBL3418279,Inhibition of Escherichia coli GlmU acetyltransferase activity assessed as coenzyme A production using acetyl CoA substrate at 100 uM,B,,,BAO_0000201,BAO_0000357,single protein format,CCOC(=O)COc1ccccc1/C=C1\N=C(SCC)SC1=O,,,CHEMBL3414535,Eur J Med Chem,2015,,CHEMBL3414890,,CHEMBL3414890,,0,http://qudt.org/vocab/unit#Percent,2290312,=,1,1,=,,Inhibition,%,,45.26,CHEMBL3414415,Escherichia coli (strain K12),Bifunctional protein GlmU,83333,,,INH,%,UO_0000187,,45.26
,,15215282,[],CHEMBL3418279,Inhibition of Escherichia coli GlmU acetyltransferase activity assessed as coenzyme A production using acetyl CoA substrate at 100 uM,B,,,BAO_0000201,BAO_0000357,single protein format,CSc1cccc(NS(=O)(=O)c2cc3c(cc2Cl)NC(=O)CO3)c1,,,CHEMBL3414535,Eur J Med Chem,2015,,CHEMBL3414889,,CHEMBL3414889,,0,http://qudt.org/vocab/unit#Percent,2290311,=,1,1,=,,Inhibition,%,,68.69,CHEMBL3414415,Escherichia coli (strain K12),Bifunctional protein GlmU,83333,,,INH,%,UO_0000187,,68.69
,,15215283,[],CHEMBL3418279,Inhibition of Escherichia coli GlmU acetyltransferase activity assessed as coenzyme A production using acetyl CoA substrate at 100 uM,B,,,BAO_0000201,BAO_0000357,single protein format,CC(C)C(=O)N1CCCc2cc(NS(=O)(=O)c3cccc(F)c3)ccc21,,,CHEMBL3414535,Eur J Med Chem,2015,,CHEMBL3414888,,CHEMBL3414888,,0,http://qudt.org/vocab/unit#Percent,2290310,=,1,1,=,,Inhibition,%,,82.87,CHEMBL3414415,Escherichia coli (strain K12),Bifunctional protein GlmU,83333,,,INH,%,UO_0000187,,82.87
,,15215284,[],CHEMBL3418280,Inhibition of Escherichia coli GlmU acetyltransferase activity assessed as coenzyme A production using acetyl CoA substrate,B,,,BAO_0000190,BAO_0000357,single protein format,COc1cc(O)c(S(=O)(=O)N2c3ccccc3CC[C@H]2C)cc1NC(=O)CCC(=O)O,,,CHEMBL3414535,Eur J Med Chem,2015,"{'bei': '16.28', 'le': '0.32', 'lle': '4.57', 'sei': '5.48'}",CHEMBL3415072,,CHEMBL3415072,7.3,0,http://www.openphacts.org/units/Nanomolar,2290565,=,1,1,=,,IC50,nM,,50,CHEMBL3414415,Escherichia coli (strain K12),Bifunctional protein GlmU,83333,,,pIC50,,UO_0000065,,7.301
,,15215285,[],CHEMBL3418280,Inhibition of Escherichia coli GlmU acetyltransferase activity assessed as coenzyme A production using acetyl CoA substrate,B,,,BAO_0000190,BAO_0000357,single protein format,COc1cc(OC)c(S(=O)(=O)N2c3ccccc3CC[C@@H]2C)cc1NC(=O)Cc1ccnc(C#N)c1,,,CHEMBL3414535,Eur J Med Chem,2015,"{'bei': '12.17', 'le': '0.23', 'lle': '2.49', 'sei': '5.07'}",CHEMBL3415071,,CHEMBL3415071,6.17,0,http://www.openphacts.org/units/Nanomolar,2290564,=,1,1,=,,IC50,nM,,680.77,CHEMBL3414415,Escherichia coli (strain K12),Bifunctional protein GlmU,83333,,,pIC50,,UO_0000065,,6.167
,,15215286,[],CHEMBL3418280,Inhibition of Escherichia coli GlmU acetyltransferase activity assessed as coenzyme A production using acetyl CoA substrate,B,,,BAO_0000190,BAO_0000357,single protein format,COc1cc(OC)c(S(=O)(=O)N2c3ccccc3Oc3ccccc32)cc1NC(=O)Cc1ccnc(F)c1,,,CHEMBL3414535,Eur J Med Chem,2015,"{'bei': '13.16', 'le': '0.25', 'lle': '2.00', 'sei': '6.58'}",CHEMBL2207226,,CHEMBL2207226,7.05,0,http://www.openphacts.org/units/Nanomolar,2290563,=,1,1,=,,IC50,nM,,89.95,CHEMBL3414415,Escherichia coli (strain K12),Bifunctional protein GlmU,83333,,,pIC50,,UO_0000065,,7.046
,,15215287,[],CHEMBL3418280,Inhibition of Escherichia coli GlmU acetyltransferase activity assessed as coenzyme A production using acetyl CoA substrate,B,,,BAO_0000190,BAO_0000357,single protein format,COc1cc(OC)c(S(=O)(=O)N2c3ccccc3CC[C@@H]2C)cc1NC(=O)Cc1ccnc(F)c1,,,CHEMBL3414535,Eur J Med Chem,2015,"{'bei': '12.20', 'le': '0.24', 'lle': '2.15', 'sei': '6.23'}",CHEMBL3415070,,CHEMBL3415070,6.1,0,http://www.openphacts.org/units/Nanomolar,2290562,=,1,1,=,,IC50,nM,,799.83,CHEMBL3414415,Escherichia coli (strain K12),Bifunctional protein GlmU,83333,,,pIC50,,UO_0000065,,6.097
,,15215288,[],CHEMBL3418280,Inhibition of Escherichia coli GlmU acetyltransferase activity assessed as coenzyme A production using acetyl CoA substrate,B,,,BAO_0000190,BAO_0000357,single protein format,COc1cc(OC)c(S(=O)(=O)N2c3ccccc3Oc3ccccc32)cc1NC(=O)Cc1ccncc1,,,CHEMBL3414535,Eur J Med Chem,2015,"{'bei': '13.95', 'le': '0.27', 'lle': '2.31', 'sei': '6.75'}",CHEMBL2207224,,CHEMBL2207224,7.22,0,http://www.openphacts.org/units/Nanomolar,2290561,=,1,1,=,,IC50,nM,,59.98,CHEMBL3414415,Escherichia coli (strain K12),Bifunctional protein GlmU,83333,,,pIC50,,UO_0000065,,7.222
,,15215289,[],CHEMBL3418280,Inhibition of Escherichia coli GlmU acetyltransferase activity assessed as coenzyme A production using acetyl CoA substrate,B,,,BAO_0000190,BAO_0000357,single protein format,COc1cc(OC)c(S(=O)(=O)N2c3ccccc3CC[C@@H]2C)cc1NC(=O)[C@@H]1[C@@H](C)[C@H]1C(=O)O,,,CHEMBL3414535,Eur J Med Chem,2015,"{'bei': '13.10', 'le': '0.26', 'lle': '3.26', 'sei': '5.23'}",CHEMBL3415069,,CHEMBL3415069,6.4,0,http://www.openphacts.org/units/Nanomolar,2290560,=,1,1,=,,IC50,nM,,399.94,CHEMBL3414415,Escherichia coli (strain K12),Bifunctional protein GlmU,83333,,,pIC50,,UO_0000065,,6.398
,,15215290,[],CHEMBL3418280,Inhibition of Escherichia coli GlmU acetyltransferase activity assessed as coenzyme A production using acetyl CoA substrate,B,,,BAO_0000190,BAO_0000357,single protein format,COc1cc(OC)c(S(=O)(=O)N2c3ccccc3Oc3ccccc32)cc1NC(=O)[C@H]1[C@@H](C)[C@H]1C(=O)O,,,CHEMBL3414535,Eur J Med Chem,2015,"{'bei': '14.34', 'le': '0.28', 'lle': '3.28', 'sei': '5.72'}",CHEMBL3415068,,CHEMBL3415068,7.52,0,http://www.openphacts.org/units/Nanomolar,2290559,=,1,1,=,,IC50,nM,,29.99,CHEMBL3414415,Escherichia coli (strain K12),Bifunctional protein GlmU,83333,,,pIC50,,UO_0000065,,7.523
,,15215291,[],CHEMBL3418280,Inhibition of Escherichia coli GlmU acetyltransferase activity assessed as coenzyme A production using acetyl CoA substrate,B,,,BAO_0000190,BAO_0000357,single protein format,COc1cc(OC)c(S(=O)(=O)N2c3ccccc3CC[C@@H]2C)cc1NC(=O)CCc1nn[nH]n1,,,CHEMBL3414535,Eur J Med Chem,2015,"{'bei': '13.09', 'le': '0.26', 'lle': '4.05', 'sei': '4.57'}",CHEMBL3415067,,CHEMBL3415067,6.37,0,http://www.openphacts.org/units/Nanomolar,2290558,=,1,1,=,,IC50,nM,,429.54,CHEMBL3414415,Escherichia coli (strain K12),Bifunctional protein GlmU,83333,,,pIC50,,UO_0000065,,6.367
,,15215292,[],CHEMBL3418280,Inhibition of Escherichia coli GlmU acetyltransferase activity assessed as coenzyme A production using acetyl CoA substrate,B,,,BAO_0000190,BAO_0000357,single protein format,COc1cc(OC)c(S(=O)(=O)N2c3ccccc3Oc3ccccc32)cc1NC(=O)/C=C/C(=O)O,,,CHEMBL3414535,Eur J Med Chem,2015,"{'bei': '16.11', 'le': '0.31', 'lle': '4.08', 'sei': '6.09'}",CHEMBL2207606,,CHEMBL2207606,8,0,http://www.openphacts.org/units/Nanomolar,2290557,=,1,1,=,,IC50,nM,,10,CHEMBL3414415,Escherichia coli (strain K12),Bifunctional protein GlmU,83333,,,pIC50,,UO_0000065,,8
,,15215293,[],CHEMBL3418280,Inhibition of Escherichia coli GlmU acetyltransferase activity assessed as coenzyme A production using acetyl CoA substrate,B,,,BAO_0000190,BAO_0000357,single protein format,COc1cc(OC)c(S(=O)(=O)N2Cc3ccccc3Oc3ccccc32)cc1NC(=O)CCC(=O)O,,,CHEMBL3414535,Eur J Med Chem,2015,"{'bei': '14.68', 'le': '0.29', 'lle': '3.51', 'sei': '5.72'}",CHEMBL2207605,,CHEMBL2207605,7.52,0,http://www.openphacts.org/units/Nanomolar,2290556,=,1,1,=,,IC50,nM,,29.99,CHEMBL3414415,Escherichia coli (strain K12),Bifunctional protein GlmU,83333,,,pIC50,,UO_0000065,,7.523
,,15215294,[],CHEMBL3418280,Inhibition of Escherichia coli GlmU acetyltransferase activity assessed as coenzyme A production using acetyl CoA substrate,B,,,BAO_0000190,BAO_0000357,single protein format,COc1cc(OC)c(S(=O)(=O)N2c3ccccc3Sc3ccccc32)cc1NC(=O)CCC(=O)O,,,CHEMBL3414535,Eur J Med Chem,2015,"{'bei': '13.69', 'le': '0.27', 'lle': '2.55', 'sei': '5.76'}",CHEMBL2207604,,CHEMBL2207604,7.05,0,http://www.openphacts.org/units/Nanomolar,2290555,=,1,1,=,,IC50,nM,,89.95,CHEMBL3414415,Escherichia coli (strain K12),Bifunctional protein GlmU,83333,,,pIC50,,UO_0000065,,7.046
,,15215295,[],CHEMBL3418280,Inhibition of Escherichia coli GlmU acetyltransferase activity assessed as coenzyme A production using acetyl CoA substrate,B,,,BAO_0000190,BAO_0000357,single protein format,COc1cc(OC)c(S(=O)(=O)N2c3ccccc3Oc3ccccc32)cc1NC(=O)CCC(=O)O,,,CHEMBL3414535,Eur J Med Chem,2015,"{'bei': '16.05', 'le': '0.31', 'lle': '3.86', 'sei': '6.09'}",CHEMBL2207603,,CHEMBL2207603,8,0,http://www.openphacts.org/units/Nanomolar,2290554,=,1,1,=,,IC50,nM,,10,CHEMBL3414415,Escherichia coli (strain K12),Bifunctional protein GlmU,83333,,,pIC50,,UO_0000065,,8
,,15215296,[],CHEMBL3418280,Inhibition of Escherichia coli GlmU acetyltransferase activity assessed as coenzyme A production using acetyl CoA substrate,B,,,BAO_0000190,BAO_0000357,single protein format,COc1cc(OC)c(S(=O)(=O)N(c2ccccc2)c2ccc3ccccc3c2)cc1NC(=O)CCC(=O)O,,,CHEMBL3414535,Eur J Med Chem,2015,"{'bei': '13.84', 'le': '0.27', 'lle': '2.21', 'sei': '6.05'}",CHEMBL2207602,,CHEMBL2207602,7.4,0,http://www.openphacts.org/units/Nanomolar,2290553,=,1,1,=,,IC50,nM,,39.99,CHEMBL3414415,Escherichia coli (strain K12),Bifunctional protein GlmU,83333,,,pIC50,,UO_0000065,,7.398
,,15215297,[],CHEMBL3418280,Inhibition of Escherichia coli GlmU acetyltransferase activity assessed as coenzyme A production using acetyl CoA substrate,B,,,BAO_0000190,BAO_0000357,single protein format,COc1cc(OC)c(S(=O)(=O)N(c2ccccc2)c2ccc(N)cc2)cc1NC(=O)CCC(=O)O,,,CHEMBL3414535,Eur J Med Chem,2015,"{'bei': '15.41', 'le': '0.30', 'lle': '4.08', 'sei': '5.19'}",CHEMBL2207601,,CHEMBL2207601,7.7,0,http://www.openphacts.org/units/Nanomolar,2290552,=,1,1,=,,IC50,nM,,20,CHEMBL3414415,Escherichia coli (strain K12),Bifunctional protein GlmU,83333,,,pIC50,,UO_0000065,,7.699
,,15215298,[],CHEMBL3418280,Inhibition of Escherichia coli GlmU acetyltransferase activity assessed as coenzyme A production using acetyl CoA substrate,B,,,BAO_0000190,BAO_0000357,single protein format,COc1cc(OC)c(S(=O)(=O)N(c2ccc(C)cc2)c2ccc(C)cc2)cc1NC(=O)CCC(=O)O,,,CHEMBL3414535,Eur J Med Chem,2015,"{'bei': '14.43', 'le': '0.28', 'lle': '2.75', 'sei': '6.05'}",CHEMBL2207600,,CHEMBL2207600,7.4,0,http://www.openphacts.org/units/Nanomolar,2290551,=,1,1,=,,IC50,nM,,39.99,CHEMBL3414415,Escherichia coli (strain K12),Bifunctional protein GlmU,83333,,,pIC50,,UO_0000065,,7.398
,,15215299,[],CHEMBL3418280,Inhibition of Escherichia coli GlmU acetyltransferase activity assessed as coenzyme A production using acetyl CoA substrate,B,,,BAO_0000190,BAO_0000357,single protein format,COc1cc(OC)c(S(=O)(=O)N(c2ccccc2)c2ccccc2)cc1NC(=O)CCC(=O)O,,,CHEMBL3414535,Eur J Med Chem,2015,"{'bei': '15.27', 'le': '0.30', 'lle': '3.37', 'sei': '6.05'}",CHEMBL2207599,,CHEMBL2207599,7.4,0,http://www.openphacts.org/units/Nanomolar,2290550,=,1,1,=,,IC50,nM,,39.99,CHEMBL3414415,Escherichia coli (strain K12),Bifunctional protein GlmU,83333,,,pIC50,,UO_0000065,,7.398
,,15215300,[],CHEMBL3418280,Inhibition of Escherichia coli GlmU acetyltransferase activity assessed as coenzyme A production using acetyl CoA substrate,B,,,BAO_0000190,BAO_0000357,single protein format,COc1cc(OC)c(S(=O)(=O)NCc2ccccc2N2CCC(CC(=O)O)CC2)cc1NC(=O)CCC(=O)O,,,CHEMBL3414535,Eur J Med Chem,2015,"{'bei': '11.35', 'le': '0.22', 'lle': '3.72', 'sei': '3.73'}",CHEMBL1951187,,CHEMBL1951187,6.4,0,http://www.openphacts.org/units/Nanomolar,2290549,=,1,1,=,,IC50,nM,,399.94,CHEMBL3414415,Escherichia coli (strain K12),Bifunctional protein GlmU,83333,,,pIC50,,UO_0000065,,6.398
,,15215301,[],CHEMBL3418280,Inhibition of Escherichia coli GlmU acetyltransferase activity assessed as coenzyme A production using acetyl CoA substrate,B,,,BAO_0000190,BAO_0000357,single protein format,COc1cc(OC)c(S(=O)(=O)NCc2ccccc2N2CCC(C(=O)O)CC2)cc1NC(=O)CCC(=O)O,,,CHEMBL3414535,Eur J Med Chem,2015,"{'bei': '11.46', 'le': '0.23', 'lle': '4.01', 'sei': '3.67'}",CHEMBL1951186,,CHEMBL1951186,6.3,0,http://www.openphacts.org/units/Nanomolar,2290548,=,1,1,=,,IC50,nM,,500.03,CHEMBL3414415,Escherichia coli (strain K12),Bifunctional protein GlmU,83333,,,pIC50,,UO_0000065,,6.301
,,15215302,[],CHEMBL3418280,Inhibition of Escherichia coli GlmU acetyltransferase activity assessed as coenzyme A production using acetyl CoA substrate,B,,,BAO_0000190,BAO_0000357,single protein format,COc1cc(OC)c(S(=O)(=O)NCc2ccccc2-c2ccc(C(=O)O)cc2)cc1NC(=O)CCC(=O)O,,,CHEMBL3414535,Eur J Med Chem,2015,"{'bei': '11.14', 'le': '0.22', 'lle': '2.70', 'sei': '3.59'}",CHEMBL1951185,,CHEMBL1951185,6.05,0,http://www.openphacts.org/units/Nanomolar,2290547,=,1,1,=,,IC50,nM,,899.5,CHEMBL3414415,Escherichia coli (strain K12),Bifunctional protein GlmU,83333,,,pIC50,,UO_0000065,,6.046
,,15215303,[],CHEMBL3418280,Inhibition of Escherichia coli GlmU acetyltransferase activity assessed as coenzyme A production using acetyl CoA substrate,B,,,BAO_0000190,BAO_0000357,single protein format,COc1cc(OC)c(S(=O)(=O)NCc2ccccc2N2CCC(COC(=O)CCC(=O)O)CC2)cc1NC(=O)CCC(=O)O,,,CHEMBL3414535,Eur J Med Chem,2015,"{'bei': '10.39', 'le': '0.20', 'lle': '3.99', 'sei': '3.34'}",CHEMBL1951184,,CHEMBL1951184,6.6,0,http://www.openphacts.org/units/Nanomolar,2290546,=,1,1,=,,IC50,nM,,250.03,CHEMBL3414415,Escherichia coli (strain K12),Bifunctional protein GlmU,83333,,,pIC50,,UO_0000065,,6.602
,,15215304,[],CHEMBL3418280,Inhibition of Escherichia coli GlmU acetyltransferase activity assessed as coenzyme A production using acetyl CoA substrate,B,,,BAO_0000190,BAO_0000357,single protein format,COc1cc(OC)c(S(=O)(=O)NCc2ccccc2N2CCC(CO)CC2)cc1NC(=O)CCC(=O)O,,,CHEMBL3414535,Eur J Med Chem,2015,"{'bei': '10.31', 'le': '0.20', 'lle': '3.33', 'sei': '3.57'}",CHEMBL1951183,,CHEMBL1951183,5.52,0,http://www.openphacts.org/units/Nanomolar,2290545,=,1,1,=,,IC50,nM,,2999.16,CHEMBL3414415,Escherichia coli (strain K12),Bifunctional protein GlmU,83333,,,pIC50,,UO_0000065,,5.523
,,15215305,[],CHEMBL3418280,Inhibition of Escherichia coli GlmU acetyltransferase activity assessed as coenzyme A production using acetyl CoA substrate,B,,,BAO_0000190,BAO_0000357,single protein format,COc1cc(OC)c(S(=O)(=O)NCc2ccccc2N2CCCCC2)cc1NC(=O)CCC(=O)O,,,CHEMBL3414535,Eur J Med Chem,2015,"{'bei': '10.92', 'le': '0.22', 'lle': '2.54', 'sei': '4.11'}",CHEMBL1951182,,CHEMBL1951182,5.52,0,http://www.openphacts.org/units/Nanomolar,2290350,=,1,1,=,,IC50,nM,,2999.16,CHEMBL3414415,Escherichia coli (strain K12),Bifunctional protein GlmU,83333,,,pIC50,,UO_0000065,,5.523
,,15215306,[],CHEMBL3418280,Inhibition of Escherichia coli GlmU acetyltransferase activity assessed as coenzyme A production using acetyl CoA substrate,B,,,BAO_0000190,BAO_0000357,single protein format,COc1cc(OC)c(S(=O)(=O)NCc2ccccc2N2CCC(CO)CC2)cc1NC(C)=O,,,CHEMBL3414535,Eur J Med Chem,2015,"{'bei': '9.21', 'le': '0.18', 'lle': '2.05', 'sei': '3.75'}",CHEMBL1951181,,CHEMBL1951181,4.4,0,http://www.openphacts.org/units/Nanomolar,2290349,=,1,1,=,,IC50,nM,,39994.47,CHEMBL3414415,Escherichia coli (strain K12),Bifunctional protein GlmU,83333,,,pIC50,,UO_0000065,,4.398
,,15215307,[],CHEMBL3418280,Inhibition of Escherichia coli GlmU acetyltransferase activity assessed as coenzyme A production using acetyl CoA substrate,B,,,BAO_0000190,BAO_0000357,single protein format,COc1cc(OC)c(S(=O)(=O)NCc2ccccc2N2CCCCC2)cc1NC(C)=O,Outside typical range,"Values for this activity type are unusually large/small, so may not be accurate",CHEMBL3414535,Eur J Med Chem,2015,,CHEMBL1951180,,CHEMBL1951180,,0,http://www.openphacts.org/units/Nanomolar,2290348,=,1,1,=,,IC50,nM,,199986.19,CHEMBL3414415,Escherichia coli (strain K12),Bifunctional protein GlmU,83333,,,pIC50,,UO_0000065,,3.699
,,15215308,[],CHEMBL3418280,Inhibition of Escherichia coli GlmU acetyltransferase activity assessed as coenzyme A production using acetyl CoA substrate,B,,,BAO_0000190,BAO_0000357,single protein format,COc1cc(OC)c(S(=O)(=O)NCc2ccccc2CC(=O)O)cc1NC(C)=O,,,CHEMBL3414535,Eur J Med Chem,2015,"{'bei': '11.42', 'le': '0.23', 'lle': '3.05', 'sei': '3.68'}",CHEMBL3414911,,CHEMBL3414911,4.82,0,http://www.openphacts.org/units/Nanomolar,2290347,=,1,1,=,,IC50,nM,,14996.85,CHEMBL3414415,Escherichia coli (strain K12),Bifunctional protein GlmU,83333,,,pIC50,,UO_0000065,,4.824
,,15215309,[],CHEMBL3418280,Inhibition of Escherichia coli GlmU acetyltransferase activity assessed as coenzyme A production using acetyl CoA substrate,B,,,BAO_0000190,BAO_0000357,single protein format,COc1cc(OC)c(S(=O)(=O)NCc2ccccc2Br)cc1NC(C)=O,,,CHEMBL3414535,Eur J Med Chem,2015,"{'bei': '12.18', 'le': '0.28', 'lle': '2.50', 'sei': '5.76'}",CHEMBL1951178,,CHEMBL1951178,5.4,0,http://www.openphacts.org/units/Nanomolar,2290346,=,1,1,=,,IC50,nM,,3999.45,CHEMBL3414415,Escherichia coli (strain K12),Bifunctional protein GlmU,83333,,,pIC50,,UO_0000065,,5.398
,,15215310,[],CHEMBL3418280,Inhibition of Escherichia coli GlmU acetyltransferase activity assessed as coenzyme A production using acetyl CoA substrate,B,,,BAO_0000190,BAO_0000357,single protein format,COc1cc(OC)c(S(=O)(=O)NCc2ccc3c(c2)OCO3)cc1NC(C)=O,Outside typical range,"Values for this activity type are unusually large/small, so may not be accurate",CHEMBL3414535,Eur J Med Chem,2015,,CHEMBL1951177,,CHEMBL1951177,,0,http://www.openphacts.org/units/Nanomolar,2290345,=,1,1,=,,IC50,nM,,199986.19,CHEMBL3414415,Escherichia coli (strain K12),Bifunctional protein GlmU,83333,,,pIC50,,UO_0000065,,3.699
,,15215311,[],CHEMBL3418280,Inhibition of Escherichia coli GlmU acetyltransferase activity assessed as coenzyme A production using acetyl CoA substrate,B,,,BAO_0000190,BAO_0000357,single protein format,COc1ccccc1CNS(=O)(=O)c1cc(NC(C)=O)c(OC)cc1OC,,,CHEMBL3414535,Eur J Med Chem,2015,"{'bei': '12.68', 'le': '0.25', 'lle': '2.85', 'sei': '4.86'}",CHEMBL1951176,,CHEMBL1951176,5,0,http://www.openphacts.org/units/Nanomolar,2290344,=,1,1,=,,IC50,nM,,10000,CHEMBL3414415,Escherichia coli (strain K12),Bifunctional protein GlmU,83333,,,pIC50,,UO_0000065,,5
,,15215312,[],CHEMBL3418280,Inhibition of Escherichia coli GlmU acetyltransferase activity assessed as coenzyme A production using acetyl CoA substrate,B,,,BAO_0000190,BAO_0000357,single protein format,COc1cc(OC)c(S(=O)(=O)Nc2ccc(C)cc2)cc1NC(C)=O,,,CHEMBL3414535,Eur J Med Chem,2015,"{'bei': '12.84', 'le': '0.26', 'lle': '1.91', 'sei': '4.99'}",CHEMBL1951175,,CHEMBL1951175,4.68,0,http://www.openphacts.org/units/Nanomolar,2290343,=,1,1,=,,IC50,nM,,20989.4,CHEMBL3414415,Escherichia coli (strain K12),Bifunctional protein GlmU,83333,,,pIC50,,UO_0000065,,4.678
,,15215313,[],CHEMBL3418280,Inhibition of Escherichia coli GlmU acetyltransferase activity assessed as coenzyme A production using acetyl CoA substrate,B,,,BAO_0000190,BAO_0000357,single protein format,COc1cc(OC)c(S(=O)(=O)Nc2cccc(C)c2)cc1NC(C)=O,,,CHEMBL3414535,Eur J Med Chem,2015,"{'bei': '13.09', 'le': '0.26', 'lle': '2.00', 'sei': '5.09'}",CHEMBL1951174,,CHEMBL1951174,4.77,0,http://www.openphacts.org/units/Nanomolar,2290342,=,1,1,=,,IC50,nM,,16982.44,CHEMBL3414415,Escherichia coli (strain K12),Bifunctional protein GlmU,83333,,,pIC50,,UO_0000065,,4.77
,,15215314,[],CHEMBL3418280,Inhibition of Escherichia coli GlmU acetyltransferase activity assessed as coenzyme A production using acetyl CoA substrate,B,,,BAO_0000190,BAO_0000357,single protein format,COc1cc(OC)c(S(=O)(=O)Nc2ccccc2F)cc1NC(C)=O,,,CHEMBL3414535,Eur J Med Chem,2015,"{'bei': '14.39', 'le': '0.29', 'lle': '2.70', 'sei': '5.66'}",CHEMBL1951173,,CHEMBL1951173,5.3,0,http://www.openphacts.org/units/Nanomolar,2290341,=,1,1,=,,IC50,nM,,5000.35,CHEMBL3414415,Escherichia coli (strain K12),Bifunctional protein GlmU,83333,,,pIC50,,UO_0000065,,5.301
,,15215315,[],CHEMBL3418280,Inhibition of Escherichia coli GlmU acetyltransferase activity assessed as coenzyme A production using acetyl CoA substrate,B,,,BAO_0000190,BAO_0000357,single protein format,COc1cc(OC)c(S(=O)(=O)Nc2cccc(F)c2)cc1NC(C)=O,,,CHEMBL3414535,Eur J Med Chem,2015,"{'bei': '13.09', 'le': '0.26', 'lle': '2.22', 'sei': '5.15'}",CHEMBL1951172,,CHEMBL1951172,4.82,0,http://www.openphacts.org/units/Nanomolar,2290340,=,1,1,=,,IC50,nM,,14996.85,CHEMBL3414415,Escherichia coli (strain K12),Bifunctional protein GlmU,83333,,,pIC50,,UO_0000065,,4.824
,,15215316,[],CHEMBL3418280,Inhibition of Escherichia coli GlmU acetyltransferase activity assessed as coenzyme A production using acetyl CoA substrate,B,,,BAO_0000190,BAO_0000357,single protein format,COc1cc(OC)c(S(=O)(=O)Nc2ccc(F)cc2)cc1NC(C)=O,,,CHEMBL3414535,Eur J Med Chem,2015,"{'bei': '12.49', 'le': '0.25', 'lle': '2.00', 'sei': '4.91'}",CHEMBL1951171,,CHEMBL1951171,4.6,0,http://www.openphacts.org/units/Nanomolar,2290339,=,1,1,=,,IC50,nM,,25003.45,CHEMBL3414415,Escherichia coli (strain K12),Bifunctional protein GlmU,83333,,,pIC50,,UO_0000065,,4.602
,,15215317,[],CHEMBL3418280,Inhibition of Escherichia coli GlmU acetyltransferase activity assessed as coenzyme A production using acetyl CoA substrate,B,,,BAO_0000190,BAO_0000357,single protein format,COc1cc(OC)c(S(=O)(=O)N(C)C)cc1NC(C)=O,Outside typical range,"Values for this activity type are unusually large/small, so may not be accurate",CHEMBL3414535,Eur J Med Chem,2015,,CHEMBL1951170,,CHEMBL1951170,,0,http://www.openphacts.org/units/Nanomolar,2290338,=,1,1,=,,IC50,nM,,199986.19,CHEMBL3414415,Escherichia coli (strain K12),Bifunctional protein GlmU,83333,,,pIC50,,UO_0000065,,3.699
,,15215318,[],CHEMBL3418280,Inhibition of Escherichia coli GlmU acetyltransferase activity assessed as coenzyme A production using acetyl CoA substrate,B,,,BAO_0000190,BAO_0000357,single protein format,COc1cc(OC)c(S(=O)(=O)N2CCCCC2)cc1NC(C)=O,,,CHEMBL3414535,Eur J Med Chem,2015,"{'bei': '11.96', 'le': '0.24', 'lle': '2.26', 'sei': '4.82'}",CHEMBL1951169,,CHEMBL1951169,4.1,0,http://www.openphacts.org/units/Nanomolar,2290337,=,1,1,=,,IC50,nM,,79983.43,CHEMBL3414415,Escherichia coli (strain K12),Bifunctional protein GlmU,83333,,,pIC50,,UO_0000065,,4.097
,,15215319,[],CHEMBL3418280,Inhibition of Escherichia coli GlmU acetyltransferase activity assessed as coenzyme A production using acetyl CoA substrate,B,,,BAO_0000190,BAO_0000357,single protein format,COc1cc(OC)c(S(=O)(=O)N2CCC[C@H]2C)cc1NC(C)=O,Outside typical range,"Values for this activity type are unusually large/small, so may not be accurate",CHEMBL3414535,Eur J Med Chem,2015,,CHEMBL3414910,,CHEMBL3414910,,0,http://www.openphacts.org/units/Nanomolar,2290336,=,1,1,=,,IC50,nM,,199986.19,CHEMBL3414415,Escherichia coli (strain K12),Bifunctional protein GlmU,83333,,,pIC50,,UO_0000065,,3.699
,,15215320,[],CHEMBL3418280,Inhibition of Escherichia coli GlmU acetyltransferase activity assessed as coenzyme A production using acetyl CoA substrate,B,,,BAO_0000190,BAO_0000357,single protein format,COc1cc(OC)c(S(=O)(=O)N2CCCC[C@@H]2C)cc1NC(C)=O,Outside typical range,"Values for this activity type are unusually large/small, so may not be accurate",CHEMBL3414535,Eur J Med Chem,2015,,CHEMBL3414909,,CHEMBL3414909,,0,http://www.openphacts.org/units/Nanomolar,2290335,=,1,1,=,,IC50,nM,,130016.96,CHEMBL3414415,Escherichia coli (strain K12),Bifunctional protein GlmU,83333,,,pIC50,,UO_0000065,,3.886
,,15215321,[],CHEMBL3418280,Inhibition of Escherichia coli GlmU acetyltransferase activity assessed as coenzyme A production using acetyl CoA substrate,B,,,BAO_0000190,BAO_0000357,single protein format,CCN(c1ccccc1C)S(=O)(=O)c1cc(NC(C)=O)c(OC)cc1OC,,,CHEMBL3414535,Eur J Med Chem,2015,"{'bei': '12.29', 'le': '0.24', 'lle': '1.63', 'sei': '5.68'}",CHEMBL1951166,,CHEMBL1951166,4.82,0,http://www.openphacts.org/units/Nanomolar,2290334,=,1,1,=,,IC50,nM,,14996.85,CHEMBL3414415,Escherichia coli (strain K12),Bifunctional protein GlmU,83333,,,pIC50,,UO_0000065,,4.824
,,15215322,[],CHEMBL3418280,Inhibition of Escherichia coli GlmU acetyltransferase activity assessed as coenzyme A production using acetyl CoA substrate,B,,,BAO_0000190,BAO_0000357,single protein format,COc1cc(OC)c(S(=O)(=O)N(c2ccccc2)C(C)C)cc1NC(C)=O,,,CHEMBL3414535,Eur J Med Chem,2015,"{'bei': '14.52', 'le': '0.29', 'lle': '2.43', 'sei': '6.71'}",CHEMBL1951165,,CHEMBL1951165,5.7,0,http://www.openphacts.org/units/Nanomolar,2290333,=,1,1,=,,IC50,nM,,1999.86,CHEMBL3414415,Escherichia coli (strain K12),Bifunctional protein GlmU,83333,,,pIC50,,UO_0000065,,5.699
,,15215323,[],CHEMBL3418280,Inhibition of Escherichia coli GlmU acetyltransferase activity assessed as coenzyme A production using acetyl CoA substrate,B,,,BAO_0000190,BAO_0000357,single protein format,COc1cc(OC)c(S(=O)(=O)N(C)c2ccccc2)cc1NC(C)=O,,,CHEMBL3414535,Eur J Med Chem,2015,"{'bei': '15.16', 'le': '0.30', 'lle': '3.03', 'sei': '6.50'}",CHEMBL1951164,,CHEMBL1951164,5.52,0,http://www.openphacts.org/units/Nanomolar,2290332,=,1,1,=,,IC50,nM,,2999.16,CHEMBL3414415,Escherichia coli (strain K12),Bifunctional protein GlmU,83333,,,pIC50,,UO_0000065,,5.523
,,15215324,[],CHEMBL3418280,Inhibition of Escherichia coli GlmU acetyltransferase activity assessed as coenzyme A production using acetyl CoA substrate,B,,,BAO_0000190,BAO_0000357,single protein format,COc1cc(OC)c(S(=O)(=O)Nc2ccccc2)cc1NC(C)=O,,,CHEMBL3414535,Eur J Med Chem,2015,"{'bei': '13.41', 'le': '0.27', 'lle': '2.24', 'sei': '5.01'}",CHEMBL1951163,,CHEMBL1951163,4.7,0,http://www.openphacts.org/units/Nanomolar,2290331,=,1,1,=,,IC50,nM,,19998.62,CHEMBL3414415,Escherichia coli (strain K12),Bifunctional protein GlmU,83333,,,pIC50,,UO_0000065,,4.699
,,15215325,[],CHEMBL3418280,Inhibition of Escherichia coli GlmU acetyltransferase activity assessed as coenzyme A production using acetyl CoA substrate,B,,,BAO_0000190,BAO_0000357,single protein format,COc1cc(OC)c(S(=O)(=O)N2c3ccccc3CC[C@@H]2C)cc1NC(=O)c1ccccc1,Outside typical range,"Values for this activity type are unusually large/small, so may not be accurate",CHEMBL3414535,Eur J Med Chem,2015,,CHEMBL3414908,,CHEMBL3414908,,0,http://www.openphacts.org/units/Nanomolar,2290330,=,1,1,=,,IC50,nM,,199986.19,CHEMBL3414415,Escherichia coli (strain K12),Bifunctional protein GlmU,83333,,,pIC50,,UO_0000065,,3.699
,,15215326,[],CHEMBL3418280,Inhibition of Escherichia coli GlmU acetyltransferase activity assessed as coenzyme A production using acetyl CoA substrate,B,,,BAO_0000190,BAO_0000357,single protein format,COc1cc(OC)c(S(=O)(=O)N2c3ccccc3CC[C@H]2C)cc1NS(C)(=O)=O,,,CHEMBL3414535,Eur J Med Chem,2015,"{'bei': '9.08', 'le': '0.19', 'lle': '1.39', 'sei': '3.92'}",CHEMBL3414907,,CHEMBL3414907,4,0,http://www.openphacts.org/units/Nanomolar,2290329,=,1,1,=,,IC50,nM,,100000,CHEMBL3414415,Escherichia coli (strain K12),Bifunctional protein GlmU,83333,,,pIC50,,UO_0000065,,4
,,15215327,[],CHEMBL3418280,Inhibition of Escherichia coli GlmU acetyltransferase activity assessed as coenzyme A production using acetyl CoA substrate,B,,,BAO_0000190,BAO_0000357,single protein format,COc1cc(OC)c(S(=O)(=O)N2c3ccccc3CC[C@@H]2C)cc1NC(=O)COc1ccc(C(C)=O)cc1,Outside typical range,"Values for this activity type are unusually large/small, so may not be accurate",CHEMBL3414535,Eur J Med Chem,2015,,CHEMBL3414906,,CHEMBL3414906,,0,http://www.openphacts.org/units/Nanomolar,2290328,=,1,1,=,,IC50,nM,,199986.19,CHEMBL3414415,Escherichia coli (strain K12),Bifunctional protein GlmU,83333,,,pIC50,,UO_0000065,,3.699
,,15215328,[],CHEMBL3418280,Inhibition of Escherichia coli GlmU acetyltransferase activity assessed as coenzyme A production using acetyl CoA substrate,B,,,BAO_0000190,BAO_0000357,single protein format,COc1cc(OC)c(S(=O)(=O)N2c3ccccc3CC[C@H]2C)cc1NC(=O)CSc1ccncc1,,,CHEMBL3414535,Eur J Med Chem,2015,"{'bei': '11.68', 'le': '0.23', 'lle': '1.64', 'sei': '6.13'}",CHEMBL3414905,,CHEMBL3414905,6,0,http://www.openphacts.org/units/Nanomolar,2290327,=,1,1,=,,IC50,nM,,1000,CHEMBL3414415,Escherichia coli (strain K12),Bifunctional protein GlmU,83333,,,pIC50,,UO_0000065,,6
,,15215329,[],CHEMBL3418280,Inhibition of Escherichia coli GlmU acetyltransferase activity assessed as coenzyme A production using acetyl CoA substrate,B,,,BAO_0000190,BAO_0000357,single protein format,COc1cc(OC)c(S(=O)(=O)N2c3ccccc3CC[C@H]2C)cc1NC(=O)CSCC(=O)O,,,CHEMBL3414535,Eur J Med Chem,2015,"{'bei': '14.15', 'le': '0.29', 'lle': '4.01', 'sei': '5.73'}",CHEMBL3414904,,CHEMBL3414904,7,0,http://www.openphacts.org/units/Nanomolar,2290326,=,1,1,=,,IC50,nM,,100,CHEMBL3414415,Escherichia coli (strain K12),Bifunctional protein GlmU,83333,,,pIC50,,UO_0000065,,7
,,15215330,[],CHEMBL3418280,Inhibition of Escherichia coli GlmU acetyltransferase activity assessed as coenzyme A production using acetyl CoA substrate,B,,,BAO_0000190,BAO_0000357,single protein format,COc1cc(OC)c(S(=O)(=O)N2c3ccccc3CC[C@@H]2C)cc1NC(=O)CCC(=O)O,,,CHEMBL3414535,Eur J Med Chem,2015,"{'bei': '15.23', 'le': '0.30', 'lle': '4.01', 'sei': '5.76'}",CHEMBL3414903,,CHEMBL3414903,7.05,0,http://www.openphacts.org/units/Nanomolar,2290325,=,1,1,=,,IC50,nM,,89.95,CHEMBL3414415,Escherichia coli (strain K12),Bifunctional protein GlmU,83333,,,pIC50,,UO_0000065,,7.046
,,15215331,[],CHEMBL3418280,Inhibition of Escherichia coli GlmU acetyltransferase activity assessed as coenzyme A production using acetyl CoA substrate,B,,,BAO_0000190,BAO_0000357,single protein format,COc1cc(OC)c(S(=O)(=O)N2c3ccccc3CC[C@@H]2C)cc1NC(=O)/C=C/C(=O)O,,,CHEMBL3414535,Eur J Med Chem,2015,"{'bei': '13.68', 'le': '0.27', 'lle': '3.49', 'sei': '5.15'}",CHEMBL3414902,,CHEMBL3414902,6.3,0,http://www.openphacts.org/units/Nanomolar,2290324,=,1,1,=,,IC50,nM,,500.03,CHEMBL3414415,Escherichia coli (strain K12),Bifunctional protein GlmU,83333,,,pIC50,,UO_0000065,,6.301
,,15215332,[],CHEMBL3418280,Inhibition of Escherichia coli GlmU acetyltransferase activity assessed as coenzyme A production using acetyl CoA substrate,B,,,BAO_0000190,BAO_0000357,single protein format,COc1cc(OC)c(S(=O)(=O)N2c3ccccc3CC[C@@H]2C)cc1NC(=O)COCC(=O)O,,,CHEMBL3414535,Eur J Med Chem,2015,"{'bei': '14.00', 'le': '0.28', 'lle': '4.43', 'sei': '5.10'}",CHEMBL3414901,,CHEMBL3414901,6.7,0,http://www.openphacts.org/units/Nanomolar,2290323,=,1,1,=,,IC50,nM,,199.99,CHEMBL3414415,Escherichia coli (strain K12),Bifunctional protein GlmU,83333,,,pIC50,,UO_0000065,,6.699
,,15215333,[],CHEMBL3418280,Inhibition of Escherichia coli GlmU acetyltransferase activity assessed as coenzyme A production using acetyl CoA substrate,B,,,BAO_0000190,BAO_0000357,single protein format,COc1cc(OC)c(S(=O)(=O)N2c3ccccc3CC[C@H]2C)cc1NC(=O)COC(C)=O,,,CHEMBL3414535,Eur J Med Chem,2015,"{'bei': '12.32', 'le': '0.24', 'lle': '2.96', 'sei': '5.12'}",CHEMBL3414900,,CHEMBL3414900,5.7,0,http://www.openphacts.org/units/Nanomolar,2290322,=,1,1,=,,IC50,nM,,1999.86,CHEMBL3414415,Escherichia coli (strain K12),Bifunctional protein GlmU,83333,,,pIC50,,UO_0000065,,5.699
,,15215334,[],CHEMBL3418280,Inhibition of Escherichia coli GlmU acetyltransferase activity assessed as coenzyme A production using acetyl CoA substrate,B,,,BAO_0000190,BAO_0000357,single protein format,COc1cc(OC)c(S(=O)(=O)N2c3ccccc3CC[C@H]2C)cc1NC(=O)NCC(=O)O,,,CHEMBL3414535,Eur J Med Chem,2015,"{'bei': '13.59', 'le': '0.27', 'lle': '3.86', 'sei': '4.69'}",CHEMBL3414899,,CHEMBL3414899,6.3,0,http://www.openphacts.org/units/Nanomolar,2290321,=,1,1,=,,IC50,nM,,500.03,CHEMBL3414415,Escherichia coli (strain K12),Bifunctional protein GlmU,83333,,,pIC50,,UO_0000065,,6.301
,,15215335,[],CHEMBL3418280,Inhibition of Escherichia coli GlmU acetyltransferase activity assessed as coenzyme A production using acetyl CoA substrate,B,,,BAO_0000190,BAO_0000357,single protein format,COc1cc(OC)c(S(=O)(=O)N2c3ccccc3CC[C@H]2C)cc1NC(=S)NCC(=O)O,,,CHEMBL3414535,Eur J Med Chem,2015,"{'bei': '13.14', 'le': '0.27', 'lle': '3.70', 'sei': '5.38'}",CHEMBL3414898,,CHEMBL3414898,6.3,0,http://www.openphacts.org/units/Nanomolar,2290320,=,1,1,=,,IC50,nM,,500.03,CHEMBL3414415,Escherichia coli (strain K12),Bifunctional protein GlmU,83333,,,pIC50,,UO_0000065,,6.301
,,15215336,[],CHEMBL3418280,Inhibition of Escherichia coli GlmU acetyltransferase activity assessed as coenzyme A production using acetyl CoA substrate,B,,,BAO_0000190,BAO_0000357,single protein format,COc1cc(OC)c(S(=O)(=O)N2c3ccccc3CC[C@H]2C)cc1NC(C)=O,,,CHEMBL3414535,Eur J Med Chem,2015,"{'bei': '14.40', 'le': '0.28', 'lle': '2.63', 'sei': '6.86'}",CHEMBL3414897,,CHEMBL3414897,5.82,0,http://www.openphacts.org/units/Nanomolar,2290319,=,1,1,=,,IC50,nM,,1499.68,CHEMBL3414415,Escherichia coli (strain K12),Bifunctional protein GlmU,83333,,,pIC50,,UO_0000065,,5.824
,,15215337,[],CHEMBL3418280,Inhibition of Escherichia coli GlmU acetyltransferase activity assessed as coenzyme A production using acetyl CoA substrate,B,,,BAO_0000190,BAO_0000357,single protein format,COc1cc(OC)c(S(=O)(=O)N2c3ccccc3C[C@H]2C)cc1NC(C)=O,,,CHEMBL3414535,Eur J Med Chem,2015,"{'bei': '14.60', 'le': '0.29', 'lle': '2.90', 'sei': '6.71'}",CHEMBL3414896,,CHEMBL3414896,5.7,0,http://www.openphacts.org/units/Nanomolar,2290318,=,1,1,=,,IC50,nM,,1999.86,CHEMBL3414415,Escherichia coli (strain K12),Bifunctional protein GlmU,83333,,,pIC50,,UO_0000065,,5.699
,,15215338,[],CHEMBL3418280,Inhibition of Escherichia coli GlmU acetyltransferase activity assessed as coenzyme A production using acetyl CoA substrate,B,,,BAO_0000190,BAO_0000357,single protein format,COc1cc(O)c(S(=O)(=O)N2c3ccccc3CC[C@H]2C)cc1NC(=O)CCC(=O)O,,,CHEMBL3414535,Eur J Med Chem,2015,"{'bei': '16.28', 'le': '0.32', 'lle': '4.57', 'sei': '5.48'}",CHEMBL3415072,,CHEMBL3415072,7.3,0,http://www.openphacts.org/units/Nanomolar,2290565,=,1,1,=,,IC50,nM,,50,CHEMBL3414415,Escherichia coli (strain K12),Bifunctional protein GlmU,83333,,,IC50,uM,UO_0000065,,0.05
,,15215339,[],CHEMBL3418280,Inhibition of Escherichia coli GlmU acetyltransferase activity assessed as coenzyme A production using acetyl CoA substrate,B,,,BAO_0000190,BAO_0000357,single protein format,COc1cc(OC)c(S(=O)(=O)N2c3ccccc3CC[C@@H]2C)cc1NC(=O)Cc1ccnc(C#N)c1,,,CHEMBL3414535,Eur J Med Chem,2015,"{'bei': '12.17', 'le': '0.23', 'lle': '2.49', 'sei': '5.07'}",CHEMBL3415071,,CHEMBL3415071,6.17,0,http://www.openphacts.org/units/Nanomolar,2290564,=,1,1,=,,IC50,nM,,680,CHEMBL3414415,Escherichia coli (strain K12),Bifunctional protein GlmU,83333,,,IC50,uM,UO_0000065,,0.68
,,15215340,[],CHEMBL3418280,Inhibition of Escherichia coli GlmU acetyltransferase activity assessed as coenzyme A production using acetyl CoA substrate,B,,,BAO_0000190,BAO_0000357,single protein format,COc1cc(OC)c(S(=O)(=O)N2c3ccccc3Oc3ccccc32)cc1NC(=O)Cc1ccnc(F)c1,,,CHEMBL3414535,Eur J Med Chem,2015,"{'bei': '13.16', 'le': '0.25', 'lle': '2.00', 'sei': '6.58'}",CHEMBL2207226,,CHEMBL2207226,7.05,0,http://www.openphacts.org/units/Nanomolar,2290563,=,1,1,=,,IC50,nM,,90,CHEMBL3414415,Escherichia coli (strain K12),Bifunctional protein GlmU,83333,,,IC50,uM,UO_0000065,,0.09
,,15215341,[],CHEMBL3418280,Inhibition of Escherichia coli GlmU acetyltransferase activity assessed as coenzyme A production using acetyl CoA substrate,B,,,BAO_0000190,BAO_0000357,single protein format,COc1cc(OC)c(S(=O)(=O)N2c3ccccc3CC[C@@H]2C)cc1NC(=O)Cc1ccnc(F)c1,,,CHEMBL3414535,Eur J Med Chem,2015,"{'bei': '12.20', 'le': '0.24', 'lle': '2.15', 'sei': '6.23'}",CHEMBL3415070,,CHEMBL3415070,6.1,0,http://www.openphacts.org/units/Nanomolar,2290562,=,1,1,=,,IC50,nM,,800,CHEMBL3414415,Escherichia coli (strain K12),Bifunctional protein GlmU,83333,,,IC50,uM,UO_0000065,,0.8
,,15215342,[],CHEMBL3418280,Inhibition of Escherichia coli GlmU acetyltransferase activity assessed as coenzyme A production using acetyl CoA substrate,B,,,BAO_0000190,BAO_0000357,single protein format,COc1cc(OC)c(S(=O)(=O)N2c3ccccc3Oc3ccccc32)cc1NC(=O)Cc1ccncc1,,,CHEMBL3414535,Eur J Med Chem,2015,"{'bei': '13.95', 'le': '0.27', 'lle': '2.31', 'sei': '6.75'}",CHEMBL2207224,,CHEMBL2207224,7.22,0,http://www.openphacts.org/units/Nanomolar,2290561,=,1,1,=,,IC50,nM,,60,CHEMBL3414415,Escherichia coli (strain K12),Bifunctional protein GlmU,83333,,,IC50,uM,UO_0000065,,0.06
,,15215343,[],CHEMBL3418280,Inhibition of Escherichia coli GlmU acetyltransferase activity assessed as coenzyme A production using acetyl CoA substrate,B,,,BAO_0000190,BAO_0000357,single protein format,COc1cc(OC)c(S(=O)(=O)N2c3ccccc3CC[C@@H]2C)cc1NC(=O)[C@@H]1[C@@H](C)[C@H]1C(=O)O,,,CHEMBL3414535,Eur J Med Chem,2015,"{'bei': '13.10', 'le': '0.26', 'lle': '3.26', 'sei': '5.23'}",CHEMBL3415069,,CHEMBL3415069,6.4,0,http://www.openphacts.org/units/Nanomolar,2290560,=,1,1,=,,IC50,nM,,400,CHEMBL3414415,Escherichia coli (strain K12),Bifunctional protein GlmU,83333,,,IC50,uM,UO_0000065,,0.4
,,15215344,[],CHEMBL3418280,Inhibition of Escherichia coli GlmU acetyltransferase activity assessed as coenzyme A production using acetyl CoA substrate,B,,,BAO_0000190,BAO_0000357,single protein format,COc1cc(OC)c(S(=O)(=O)N2c3ccccc3Oc3ccccc32)cc1NC(=O)[C@H]1[C@@H](C)[C@H]1C(=O)O,,,CHEMBL3414535,Eur J Med Chem,2015,"{'bei': '14.34', 'le': '0.28', 'lle': '3.28', 'sei': '5.72'}",CHEMBL3415068,,CHEMBL3415068,7.52,0,http://www.openphacts.org/units/Nanomolar,2290559,=,1,1,=,,IC50,nM,,30,CHEMBL3414415,Escherichia coli (strain K12),Bifunctional protein GlmU,83333,,,IC50,uM,UO_0000065,,0.03
,,15216522,[],CHEMBL3418280,Inhibition of Escherichia coli GlmU acetyltransferase activity assessed as coenzyme A production using acetyl CoA substrate,B,,,BAO_0000190,BAO_0000357,single protein format,COc1cc(OC)c(S(=O)(=O)N2c3ccccc3CC[C@@H]2C)cc1NC(=O)CCc1nn[nH]n1,,,CHEMBL3414535,Eur J Med Chem,2015,"{'bei': '13.09', 'le': '0.26', 'lle': '4.05', 'sei': '4.57'}",CHEMBL3415067,,CHEMBL3415067,6.37,0,http://www.openphacts.org/units/Nanomolar,2290558,=,1,1,=,,IC50,nM,,430,CHEMBL3414415,Escherichia coli (strain K12),Bifunctional protein GlmU,83333,,,IC50,uM,UO_0000065,,0.43
,,15216523,[],CHEMBL3418280,Inhibition of Escherichia coli GlmU acetyltransferase activity assessed as coenzyme A production using acetyl CoA substrate,B,,,BAO_0000190,BAO_0000357,single protein format,COc1cc(OC)c(S(=O)(=O)N2c3ccccc3Oc3ccccc32)cc1NC(=O)/C=C/C(=O)O,,,CHEMBL3414535,Eur J Med Chem,2015,"{'bei': '16.11', 'le': '0.31', 'lle': '4.08', 'sei': '6.09'}",CHEMBL2207606,,CHEMBL2207606,8,0,http://www.openphacts.org/units/Nanomolar,2290557,=,1,1,=,,IC50,nM,,10,CHEMBL3414415,Escherichia coli (strain K12),Bifunctional protein GlmU,83333,,,IC50,uM,UO_0000065,,0.01
,,15216524,[],CHEMBL3418280,Inhibition of Escherichia coli GlmU acetyltransferase activity assessed as coenzyme A production using acetyl CoA substrate,B,,,BAO_0000190,BAO_0000357,single protein format,COc1cc(OC)c(S(=O)(=O)N2Cc3ccccc3Oc3ccccc32)cc1NC(=O)CCC(=O)O,,,CHEMBL3414535,Eur J Med Chem,2015,"{'bei': '14.68', 'le': '0.29', 'lle': '3.51', 'sei': '5.72'}",CHEMBL2207605,,CHEMBL2207605,7.52,0,http://www.openphacts.org/units/Nanomolar,2290556,=,1,1,=,,IC50,nM,,30,CHEMBL3414415,Escherichia coli (strain K12),Bifunctional protein GlmU,83333,,,IC50,uM,UO_0000065,,0.03
,,15216525,[],CHEMBL3418280,Inhibition of Escherichia coli GlmU acetyltransferase activity assessed as coenzyme A production using acetyl CoA substrate,B,,,BAO_0000190,BAO_0000357,single protein format,COc1cc(OC)c(S(=O)(=O)N2c3ccccc3Sc3ccccc32)cc1NC(=O)CCC(=O)O,,,CHEMBL3414535,Eur J Med Chem,2015,"{'bei': '13.69', 'le': '0.27', 'lle': '2.55', 'sei': '5.76'}",CHEMBL2207604,,CHEMBL2207604,7.05,0,http://www.openphacts.org/units/Nanomolar,2290555,=,1,1,=,,IC50,nM,,90,CHEMBL3414415,Escherichia coli (strain K12),Bifunctional protein GlmU,83333,,,IC50,uM,UO_0000065,,0.09
,,15216526,[],CHEMBL3418280,Inhibition of Escherichia coli GlmU acetyltransferase activity assessed as coenzyme A production using acetyl CoA substrate,B,,,BAO_0000190,BAO_0000357,single protein format,COc1cc(OC)c(S(=O)(=O)N2c3ccccc3Oc3ccccc32)cc1NC(=O)CCC(=O)O,,,CHEMBL3414535,Eur J Med Chem,2015,"{'bei': '16.05', 'le': '0.31', 'lle': '3.86', 'sei': '6.09'}",CHEMBL2207603,,CHEMBL2207603,8,0,http://www.openphacts.org/units/Nanomolar,2290554,=,1,1,=,,IC50,nM,,10,CHEMBL3414415,Escherichia coli (strain K12),Bifunctional protein GlmU,83333,,,IC50,uM,UO_0000065,,0.01
,,15216527,[],CHEMBL3418280,Inhibition of Escherichia coli GlmU acetyltransferase activity assessed as coenzyme A production using acetyl CoA substrate,B,,,BAO_0000190,BAO_0000357,single protein format,COc1cc(OC)c(S(=O)(=O)N(c2ccccc2)c2ccc3ccccc3c2)cc1NC(=O)CCC(=O)O,,,CHEMBL3414535,Eur J Med Chem,2015,"{'bei': '13.84', 'le': '0.27', 'lle': '2.21', 'sei': '6.05'}",CHEMBL2207602,,CHEMBL2207602,7.4,0,http://www.openphacts.org/units/Nanomolar,2290553,=,1,1,=,,IC50,nM,,40,CHEMBL3414415,Escherichia coli (strain K12),Bifunctional protein GlmU,83333,,,IC50,uM,UO_0000065,,0.04
,,15216528,[],CHEMBL3418280,Inhibition of Escherichia coli GlmU acetyltransferase activity assessed as coenzyme A production using acetyl CoA substrate,B,,,BAO_0000190,BAO_0000357,single protein format,COc1cc(OC)c(S(=O)(=O)N(c2ccccc2)c2ccc(N)cc2)cc1NC(=O)CCC(=O)O,,,CHEMBL3414535,Eur J Med Chem,2015,"{'bei': '15.41', 'le': '0.30', 'lle': '4.08', 'sei': '5.19'}",CHEMBL2207601,,CHEMBL2207601,7.7,0,http://www.openphacts.org/units/Nanomolar,2290552,=,1,1,=,,IC50,nM,,20,CHEMBL3414415,Escherichia coli (strain K12),Bifunctional protein GlmU,83333,,,IC50,uM,UO_0000065,,0.02
,,15216529,[],CHEMBL3418280,Inhibition of Escherichia coli GlmU acetyltransferase activity assessed as coenzyme A production using acetyl CoA substrate,B,,,BAO_0000190,BAO_0000357,single protein format,COc1cc(OC)c(S(=O)(=O)N(c2ccc(C)cc2)c2ccc(C)cc2)cc1NC(=O)CCC(=O)O,,,CHEMBL3414535,Eur J Med Chem,2015,"{'bei': '14.43', 'le': '0.28', 'lle': '2.75', 'sei': '6.05'}",CHEMBL2207600,,CHEMBL2207600,7.4,0,http://www.openphacts.org/units/Nanomolar,2290551,=,1,1,=,,IC50,nM,,40,CHEMBL3414415,Escherichia coli (strain K12),Bifunctional protein GlmU,83333,,,IC50,uM,UO_0000065,,0.04
,,15216530,[],CHEMBL3418280,Inhibition of Escherichia coli GlmU acetyltransferase activity assessed as coenzyme A production using acetyl CoA substrate,B,,,BAO_0000190,BAO_0000357,single protein format,COc1cc(OC)c(S(=O)(=O)N(c2ccccc2)c2ccccc2)cc1NC(=O)CCC(=O)O,,,CHEMBL3414535,Eur J Med Chem,2015,"{'bei': '15.27', 'le': '0.30', 'lle': '3.37', 'sei': '6.05'}",CHEMBL2207599,,CHEMBL2207599,7.4,0,http://www.openphacts.org/units/Nanomolar,2290550,=,1,1,=,,IC50,nM,,40,CHEMBL3414415,Escherichia coli (strain K12),Bifunctional protein GlmU,83333,,,IC50,uM,UO_0000065,,0.04
,,15216531,[],CHEMBL3418280,Inhibition of Escherichia coli GlmU acetyltransferase activity assessed as coenzyme A production using acetyl CoA substrate,B,,,BAO_0000190,BAO_0000357,single protein format,COc1cc(OC)c(S(=O)(=O)NCc2ccccc2N2CCC(CC(=O)O)CC2)cc1NC(=O)CCC(=O)O,,,CHEMBL3414535,Eur J Med Chem,2015,"{'bei': '11.35', 'le': '0.22', 'lle': '3.72', 'sei': '3.73'}",CHEMBL1951187,,CHEMBL1951187,6.4,0,http://www.openphacts.org/units/Nanomolar,2290549,=,1,1,=,,IC50,nM,,400,CHEMBL3414415,Escherichia coli (strain K12),Bifunctional protein GlmU,83333,,,IC50,uM,UO_0000065,,0.4
,,15216532,[],CHEMBL3418280,Inhibition of Escherichia coli GlmU acetyltransferase activity assessed as coenzyme A production using acetyl CoA substrate,B,,,BAO_0000190,BAO_0000357,single protein format,COc1cc(OC)c(S(=O)(=O)NCc2ccccc2N2CCC(C(=O)O)CC2)cc1NC(=O)CCC(=O)O,,,CHEMBL3414535,Eur J Med Chem,2015,"{'bei': '11.46', 'le': '0.23', 'lle': '4.01', 'sei': '3.67'}",CHEMBL1951186,,CHEMBL1951186,6.3,0,http://www.openphacts.org/units/Nanomolar,2290548,=,1,1,=,,IC50,nM,,500,CHEMBL3414415,Escherichia coli (strain K12),Bifunctional protein GlmU,83333,,,IC50,uM,UO_0000065,,0.5
,,15216533,[],CHEMBL3418280,Inhibition of Escherichia coli GlmU acetyltransferase activity assessed as coenzyme A production using acetyl CoA substrate,B,,,BAO_0000190,BAO_0000357,single protein format,COc1cc(OC)c(S(=O)(=O)NCc2ccccc2-c2ccc(C(=O)O)cc2)cc1NC(=O)CCC(=O)O,,,CHEMBL3414535,Eur J Med Chem,2015,"{'bei': '11.14', 'le': '0.22', 'lle': '2.70', 'sei': '3.59'}",CHEMBL1951185,,CHEMBL1951185,6.05,0,http://www.openphacts.org/units/Nanomolar,2290547,=,1,1,=,,IC50,nM,,900,CHEMBL3414415,Escherichia coli (strain K12),Bifunctional protein GlmU,83333,,,IC50,uM,UO_0000065,,0.9
,,15216534,[],CHEMBL3418280,Inhibition of Escherichia coli GlmU acetyltransferase activity assessed as coenzyme A production using acetyl CoA substrate,B,,,BAO_0000190,BAO_0000357,single protein format,COc1cc(OC)c(S(=O)(=O)NCc2ccccc2N2CCC(COC(=O)CCC(=O)O)CC2)cc1NC(=O)CCC(=O)O,,,CHEMBL3414535,Eur J Med Chem,2015,"{'bei': '10.39', 'le': '0.20', 'lle': '3.99', 'sei': '3.34'}",CHEMBL1951184,,CHEMBL1951184,6.6,0,http://www.openphacts.org/units/Nanomolar,2290546,=,1,1,=,,IC50,nM,,250,CHEMBL3414415,Escherichia coli (strain K12),Bifunctional protein GlmU,83333,,,IC50,uM,UO_0000065,,0.25
,,15216535,[],CHEMBL3418280,Inhibition of Escherichia coli GlmU acetyltransferase activity assessed as coenzyme A production using acetyl CoA substrate,B,,,BAO_0000190,BAO_0000357,single protein format,COc1cc(OC)c(S(=O)(=O)NCc2ccccc2N2CCC(CO)CC2)cc1NC(=O)CCC(=O)O,,,CHEMBL3414535,Eur J Med Chem,2015,"{'bei': '10.31', 'le': '0.20', 'lle': '3.33', 'sei': '3.57'}",CHEMBL1951183,,CHEMBL1951183,5.52,0,http://www.openphacts.org/units/Nanomolar,2290545,=,1,1,=,,IC50,nM,,3000,CHEMBL3414415,Escherichia coli (strain K12),Bifunctional protein GlmU,83333,,,IC50,uM,UO_0000065,,3
,,15216536,[],CHEMBL3418280,Inhibition of Escherichia coli GlmU acetyltransferase activity assessed as coenzyme A production using acetyl CoA substrate,B,,,BAO_0000190,BAO_0000357,single protein format,COc1cc(OC)c(S(=O)(=O)NCc2ccccc2N2CCCCC2)cc1NC(=O)CCC(=O)O,,,CHEMBL3414535,Eur J Med Chem,2015,"{'bei': '10.92', 'le': '0.22', 'lle': '2.54', 'sei': '4.11'}",CHEMBL1951182,,CHEMBL1951182,5.52,0,http://www.openphacts.org/units/Nanomolar,2290350,=,1,1,=,,IC50,nM,,3000,CHEMBL3414415,Escherichia coli (strain K12),Bifunctional protein GlmU,83333,,,IC50,uM,UO_0000065,,3
,,15216537,[],CHEMBL3418280,Inhibition of Escherichia coli GlmU acetyltransferase activity assessed as coenzyme A production using acetyl CoA substrate,B,,,BAO_0000190,BAO_0000357,single protein format,COc1cc(OC)c(S(=O)(=O)NCc2ccccc2N2CCC(CO)CC2)cc1NC(C)=O,,,CHEMBL3414535,Eur J Med Chem,2015,"{'bei': '9.21', 'le': '0.18', 'lle': '2.05', 'sei': '3.75'}",CHEMBL1951181,,CHEMBL1951181,4.4,0,http://www.openphacts.org/units/Nanomolar,2290349,=,1,1,=,,IC50,nM,,40000,CHEMBL3414415,Escherichia coli (strain K12),Bifunctional protein GlmU,83333,,,IC50,uM,UO_0000065,,40
,,15216538,[],CHEMBL3418280,Inhibition of Escherichia coli GlmU acetyltransferase activity assessed as coenzyme A production using acetyl CoA substrate,B,,,BAO_0000190,BAO_0000357,single protein format,COc1cc(OC)c(S(=O)(=O)NCc2ccccc2N2CCCCC2)cc1NC(C)=O,Outside typical range,"Values for this activity type are unusually large/small, so may not be accurate",CHEMBL3414535,Eur J Med Chem,2015,,CHEMBL1951180,,CHEMBL1951180,,0,http://www.openphacts.org/units/Nanomolar,2290348,=,1,1,=,,IC50,nM,,200000,CHEMBL3414415,Escherichia coli (strain K12),Bifunctional protein GlmU,83333,,,IC50,uM,UO_0000065,,200
,,15216539,[],CHEMBL3418280,Inhibition of Escherichia coli GlmU acetyltransferase activity assessed as coenzyme A production using acetyl CoA substrate,B,,,BAO_0000190,BAO_0000357,single protein format,COc1cc(OC)c(S(=O)(=O)NCc2ccccc2CC(=O)O)cc1NC(C)=O,,,CHEMBL3414535,Eur J Med Chem,2015,"{'bei': '11.42', 'le': '0.23', 'lle': '3.05', 'sei': '3.68'}",CHEMBL3414911,,CHEMBL3414911,4.82,0,http://www.openphacts.org/units/Nanomolar,2290347,=,1,1,=,,IC50,nM,,15000,CHEMBL3414415,Escherichia coli (strain K12),Bifunctional protein GlmU,83333,,,IC50,uM,UO_0000065,,15
,,15216540,[],CHEMBL3418280,Inhibition of Escherichia coli GlmU acetyltransferase activity assessed as coenzyme A production using acetyl CoA substrate,B,,,BAO_0000190,BAO_0000357,single protein format,COc1cc(OC)c(S(=O)(=O)NCc2ccccc2Br)cc1NC(C)=O,,,CHEMBL3414535,Eur J Med Chem,2015,"{'bei': '12.18', 'le': '0.28', 'lle': '2.50', 'sei': '5.76'}",CHEMBL1951178,,CHEMBL1951178,5.4,0,http://www.openphacts.org/units/Nanomolar,2290346,=,1,1,=,,IC50,nM,,4000,CHEMBL3414415,Escherichia coli (strain K12),Bifunctional protein GlmU,83333,,,IC50,uM,UO_0000065,,4
,,15216541,[],CHEMBL3418280,Inhibition of Escherichia coli GlmU acetyltransferase activity assessed as coenzyme A production using acetyl CoA substrate,B,,,BAO_0000190,BAO_0000357,single protein format,COc1cc(OC)c(S(=O)(=O)NCc2ccc3c(c2)OCO3)cc1NC(C)=O,Outside typical range,"Values for this activity type are unusually large/small, so may not be accurate",CHEMBL3414535,Eur J Med Chem,2015,,CHEMBL1951177,,CHEMBL1951177,,0,http://www.openphacts.org/units/Nanomolar,2290345,=,1,1,=,,IC50,nM,,200000,CHEMBL3414415,Escherichia coli (strain K12),Bifunctional protein GlmU,83333,,,IC50,uM,UO_0000065,,200
,,15216542,[],CHEMBL3418280,Inhibition of Escherichia coli GlmU acetyltransferase activity assessed as coenzyme A production using acetyl CoA substrate,B,,,BAO_0000190,BAO_0000357,single protein format,COc1ccccc1CNS(=O)(=O)c1cc(NC(C)=O)c(OC)cc1OC,,,CHEMBL3414535,Eur J Med Chem,2015,"{'bei': '12.68', 'le': '0.25', 'lle': '2.85', 'sei': '4.86'}",CHEMBL1951176,,CHEMBL1951176,5,0,http://www.openphacts.org/units/Nanomolar,2290344,=,1,1,=,,IC50,nM,,10000,CHEMBL3414415,Escherichia coli (strain K12),Bifunctional protein GlmU,83333,,,IC50,uM,UO_0000065,,10
,,15216543,[],CHEMBL3418280,Inhibition of Escherichia coli GlmU acetyltransferase activity assessed as coenzyme A production using acetyl CoA substrate,B,,,BAO_0000190,BAO_0000357,single protein format,COc1cc(OC)c(S(=O)(=O)Nc2ccc(C)cc2)cc1NC(C)=O,,,CHEMBL3414535,Eur J Med Chem,2015,"{'bei': '12.84', 'le': '0.26', 'lle': '1.91', 'sei': '4.99'}",CHEMBL1951175,,CHEMBL1951175,4.68,0,http://www.openphacts.org/units/Nanomolar,2290343,=,1,1,=,,IC50,nM,,21000,CHEMBL3414415,Escherichia coli (strain K12),Bifunctional protein GlmU,83333,,,IC50,uM,UO_0000065,,21
,,15216544,[],CHEMBL3418280,Inhibition of Escherichia coli GlmU acetyltransferase activity assessed as coenzyme A production using acetyl CoA substrate,B,,,BAO_0000190,BAO_0000357,single protein format,COc1cc(OC)c(S(=O)(=O)Nc2cccc(C)c2)cc1NC(C)=O,,,CHEMBL3414535,Eur J Med Chem,2015,"{'bei': '13.09', 'le': '0.26', 'lle': '2.00', 'sei': '5.09'}",CHEMBL1951174,,CHEMBL1951174,4.77,0,http://www.openphacts.org/units/Nanomolar,2290342,=,1,1,=,,IC50,nM,,17000,CHEMBL3414415,Escherichia coli (strain K12),Bifunctional protein GlmU,83333,,,IC50,uM,UO_0000065,,17
,,15216545,[],CHEMBL3418280,Inhibition of Escherichia coli GlmU acetyltransferase activity assessed as coenzyme A production using acetyl CoA substrate,B,,,BAO_0000190,BAO_0000357,single protein format,COc1cc(OC)c(S(=O)(=O)Nc2ccccc2F)cc1NC(C)=O,,,CHEMBL3414535,Eur J Med Chem,2015,"{'bei': '14.39', 'le': '0.29', 'lle': '2.70', 'sei': '5.66'}",CHEMBL1951173,,CHEMBL1951173,5.3,0,http://www.openphacts.org/units/Nanomolar,2290341,=,1,1,=,,IC50,nM,,5000,CHEMBL3414415,Escherichia coli (strain K12),Bifunctional protein GlmU,83333,,,IC50,uM,UO_0000065,,5
,,15216546,[],CHEMBL3418280,Inhibition of Escherichia coli GlmU acetyltransferase activity assessed as coenzyme A production using acetyl CoA substrate,B,,,BAO_0000190,BAO_0000357,single protein format,COc1cc(OC)c(S(=O)(=O)Nc2cccc(F)c2)cc1NC(C)=O,,,CHEMBL3414535,Eur J Med Chem,2015,"{'bei': '13.09', 'le': '0.26', 'lle': '2.22', 'sei': '5.15'}",CHEMBL1951172,,CHEMBL1951172,4.82,0,http://www.openphacts.org/units/Nanomolar,2290340,=,1,1,=,,IC50,nM,,15000,CHEMBL3414415,Escherichia coli (strain K12),Bifunctional protein GlmU,83333,,,IC50,uM,UO_0000065,,15
,,15216547,[],CHEMBL3418280,Inhibition of Escherichia coli GlmU acetyltransferase activity assessed as coenzyme A production using acetyl CoA substrate,B,,,BAO_0000190,BAO_0000357,single protein format,COc1cc(OC)c(S(=O)(=O)Nc2ccc(F)cc2)cc1NC(C)=O,,,CHEMBL3414535,Eur J Med Chem,2015,"{'bei': '12.49', 'le': '0.25', 'lle': '2.00', 'sei': '4.91'}",CHEMBL1951171,,CHEMBL1951171,4.6,0,http://www.openphacts.org/units/Nanomolar,2290339,=,1,1,=,,IC50,nM,,25000,CHEMBL3414415,Escherichia coli (strain K12),Bifunctional protein GlmU,83333,,,IC50,uM,UO_0000065,,25
,,15216548,[],CHEMBL3418280,Inhibition of Escherichia coli GlmU acetyltransferase activity assessed as coenzyme A production using acetyl CoA substrate,B,,,BAO_0000190,BAO_0000357,single protein format,COc1cc(OC)c(S(=O)(=O)N(C)C)cc1NC(C)=O,Outside typical range,"Values for this activity type are unusually large/small, so may not be accurate",CHEMBL3414535,Eur J Med Chem,2015,,CHEMBL1951170,,CHEMBL1951170,,0,http://www.openphacts.org/units/Nanomolar,2290338,=,1,1,=,,IC50,nM,,200000,CHEMBL3414415,Escherichia coli (strain K12),Bifunctional protein GlmU,83333,,,IC50,uM,UO_0000065,,200
,,15216549,[],CHEMBL3418280,Inhibition of Escherichia coli GlmU acetyltransferase activity assessed as coenzyme A production using acetyl CoA substrate,B,,,BAO_0000190,BAO_0000357,single protein format,COc1cc(OC)c(S(=O)(=O)N2CCCCC2)cc1NC(C)=O,,,CHEMBL3414535,Eur J Med Chem,2015,"{'bei': '11.96', 'le': '0.24', 'lle': '2.26', 'sei': '4.82'}",CHEMBL1951169,,CHEMBL1951169,4.1,0,http://www.openphacts.org/units/Nanomolar,2290337,=,1,1,=,,IC50,nM,,80000,CHEMBL3414415,Escherichia coli (strain K12),Bifunctional protein GlmU,83333,,,IC50,uM,UO_0000065,,80
,,15216550,[],CHEMBL3418280,Inhibition of Escherichia coli GlmU acetyltransferase activity assessed as coenzyme A production using acetyl CoA substrate,B,,,BAO_0000190,BAO_0000357,single protein format,COc1cc(OC)c(S(=O)(=O)N2CCC[C@H]2C)cc1NC(C)=O,Outside typical range,"Values for this activity type are unusually large/small, so may not be accurate",CHEMBL3414535,Eur J Med Chem,2015,,CHEMBL3414910,,CHEMBL3414910,,0,http://www.openphacts.org/units/Nanomolar,2290336,=,1,1,=,,IC50,nM,,200000,CHEMBL3414415,Escherichia coli (strain K12),Bifunctional protein GlmU,83333,,,IC50,uM,UO_0000065,,200
,,15216551,[],CHEMBL3418280,Inhibition of Escherichia coli GlmU acetyltransferase activity assessed as coenzyme A production using acetyl CoA substrate,B,,,BAO_0000190,BAO_0000357,single protein format,COc1cc(OC)c(S(=O)(=O)N2CCCC[C@@H]2C)cc1NC(C)=O,Outside typical range,"Values for this activity type are unusually large/small, so may not be accurate",CHEMBL3414535,Eur J Med Chem,2015,,CHEMBL3414909,,CHEMBL3414909,,0,http://www.openphacts.org/units/Nanomolar,2290335,=,1,1,=,,IC50,nM,,130000,CHEMBL3414415,Escherichia coli (strain K12),Bifunctional protein GlmU,83333,,,IC50,uM,UO_0000065,,130
,,15216552,[],CHEMBL3418280,Inhibition of Escherichia coli GlmU acetyltransferase activity assessed as coenzyme A production using acetyl CoA substrate,B,,,BAO_0000190,BAO_0000357,single protein format,CCN(c1ccccc1C)S(=O)(=O)c1cc(NC(C)=O)c(OC)cc1OC,,,CHEMBL3414535,Eur J Med Chem,2015,"{'bei': '12.29', 'le': '0.24', 'lle': '1.63', 'sei': '5.68'}",CHEMBL1951166,,CHEMBL1951166,4.82,0,http://www.openphacts.org/units/Nanomolar,2290334,=,1,1,=,,IC50,nM,,15000,CHEMBL3414415,Escherichia coli (strain K12),Bifunctional protein GlmU,83333,,,IC50,uM,UO_0000065,,15
,,15216553,[],CHEMBL3418280,Inhibition of Escherichia coli GlmU acetyltransferase activity assessed as coenzyme A production using acetyl CoA substrate,B,,,BAO_0000190,BAO_0000357,single protein format,COc1cc(OC)c(S(=O)(=O)N(c2ccccc2)C(C)C)cc1NC(C)=O,,,CHEMBL3414535,Eur J Med Chem,2015,"{'bei': '14.52', 'le': '0.29', 'lle': '2.43', 'sei': '6.71'}",CHEMBL1951165,,CHEMBL1951165,5.7,0,http://www.openphacts.org/units/Nanomolar,2290333,=,1,1,=,,IC50,nM,,2000,CHEMBL3414415,Escherichia coli (strain K12),Bifunctional protein GlmU,83333,,,IC50,uM,UO_0000065,,2
,,15216554,[],CHEMBL3418280,Inhibition of Escherichia coli GlmU acetyltransferase activity assessed as coenzyme A production using acetyl CoA substrate,B,,,BAO_0000190,BAO_0000357,single protein format,COc1cc(OC)c(S(=O)(=O)N(C)c2ccccc2)cc1NC(C)=O,,,CHEMBL3414535,Eur J Med Chem,2015,"{'bei': '15.16', 'le': '0.30', 'lle': '3.03', 'sei': '6.50'}",CHEMBL1951164,,CHEMBL1951164,5.52,0,http://www.openphacts.org/units/Nanomolar,2290332,=,1,1,=,,IC50,nM,,3000,CHEMBL3414415,Escherichia coli (strain K12),Bifunctional protein GlmU,83333,,,IC50,uM,UO_0000065,,3
,,15216555,[],CHEMBL3418280,Inhibition of Escherichia coli GlmU acetyltransferase activity assessed as coenzyme A production using acetyl CoA substrate,B,,,BAO_0000190,BAO_0000357,single protein format,COc1cc(OC)c(S(=O)(=O)Nc2ccccc2)cc1NC(C)=O,,,CHEMBL3414535,Eur J Med Chem,2015,"{'bei': '13.41', 'le': '0.27', 'lle': '2.24', 'sei': '5.01'}",CHEMBL1951163,,CHEMBL1951163,4.7,0,http://www.openphacts.org/units/Nanomolar,2290331,=,1,1,=,,IC50,nM,,20000,CHEMBL3414415,Escherichia coli (strain K12),Bifunctional protein GlmU,83333,,,IC50,uM,UO_0000065,,20
,,15216556,[],CHEMBL3418280,Inhibition of Escherichia coli GlmU acetyltransferase activity assessed as coenzyme A production using acetyl CoA substrate,B,,,BAO_0000190,BAO_0000357,single protein format,COc1cc(OC)c(S(=O)(=O)N2c3ccccc3CC[C@@H]2C)cc1NC(=O)c1ccccc1,Outside typical range,"Values for this activity type are unusually large/small, so may not be accurate",CHEMBL3414535,Eur J Med Chem,2015,,CHEMBL3414908,,CHEMBL3414908,,0,http://www.openphacts.org/units/Nanomolar,2290330,=,1,1,=,,IC50,nM,,200000,CHEMBL3414415,Escherichia coli (strain K12),Bifunctional protein GlmU,83333,,,IC50,uM,UO_0000065,,200
,,15216557,[],CHEMBL3418280,Inhibition of Escherichia coli GlmU acetyltransferase activity assessed as coenzyme A production using acetyl CoA substrate,B,,,BAO_0000190,BAO_0000357,single protein format,COc1cc(OC)c(S(=O)(=O)N2c3ccccc3CC[C@H]2C)cc1NS(C)(=O)=O,,,CHEMBL3414535,Eur J Med Chem,2015,"{'bei': '9.08', 'le': '0.19', 'lle': '1.39', 'sei': '3.92'}",CHEMBL3414907,,CHEMBL3414907,4,0,http://www.openphacts.org/units/Nanomolar,2290329,=,1,1,=,,IC50,nM,,100000,CHEMBL3414415,Escherichia coli (strain K12),Bifunctional protein GlmU,83333,,,IC50,uM,UO_0000065,,100
,,15216558,[],CHEMBL3418280,Inhibition of Escherichia coli GlmU acetyltransferase activity assessed as coenzyme A production using acetyl CoA substrate,B,,,BAO_0000190,BAO_0000357,single protein format,COc1cc(OC)c(S(=O)(=O)N2c3ccccc3CC[C@@H]2C)cc1NC(=O)COc1ccc(C(C)=O)cc1,Outside typical range,"Values for this activity type are unusually large/small, so may not be accurate",CHEMBL3414535,Eur J Med Chem,2015,,CHEMBL3414906,,CHEMBL3414906,,0,http://www.openphacts.org/units/Nanomolar,2290328,=,1,1,=,,IC50,nM,,200000,CHEMBL3414415,Escherichia coli (strain K12),Bifunctional protein GlmU,83333,,,IC50,uM,UO_0000065,,200
,,15216559,[],CHEMBL3418280,Inhibition of Escherichia coli GlmU acetyltransferase activity assessed as coenzyme A production using acetyl CoA substrate,B,,,BAO_0000190,BAO_0000357,single protein format,COc1cc(OC)c(S(=O)(=O)N2c3ccccc3CC[C@H]2C)cc1NC(=O)CSc1ccncc1,,,CHEMBL3414535,Eur J Med Chem,2015,"{'bei': '11.68', 'le': '0.23', 'lle': '1.64', 'sei': '6.13'}",CHEMBL3414905,,CHEMBL3414905,6,0,http://www.openphacts.org/units/Nanomolar,2290327,=,1,1,=,,IC50,nM,,1000,CHEMBL3414415,Escherichia coli (strain K12),Bifunctional protein GlmU,83333,,,IC50,uM,UO_0000065,,1
,,15216560,[],CHEMBL3418280,Inhibition of Escherichia coli GlmU acetyltransferase activity assessed as coenzyme A production using acetyl CoA substrate,B,,,BAO_0000190,BAO_0000357,single protein format,COc1cc(OC)c(S(=O)(=O)N2c3ccccc3CC[C@H]2C)cc1NC(=O)CSCC(=O)O,,,CHEMBL3414535,Eur J Med Chem,2015,"{'bei': '14.15', 'le': '0.29', 'lle': '4.01', 'sei': '5.73'}",CHEMBL3414904,,CHEMBL3414904,7,0,http://www.openphacts.org/units/Nanomolar,2290326,=,1,1,=,,IC50,nM,,100,CHEMBL3414415,Escherichia coli (strain K12),Bifunctional protein GlmU,83333,,,IC50,uM,UO_0000065,,0.1
,,15216561,[],CHEMBL3418280,Inhibition of Escherichia coli GlmU acetyltransferase activity assessed as coenzyme A production using acetyl CoA substrate,B,,,BAO_0000190,BAO_0000357,single protein format,COc1cc(OC)c(S(=O)(=O)N2c3ccccc3CC[C@@H]2C)cc1NC(=O)CCC(=O)O,,,CHEMBL3414535,Eur J Med Chem,2015,"{'bei': '15.23', 'le': '0.30', 'lle': '4.01', 'sei': '5.76'}",CHEMBL3414903,,CHEMBL3414903,7.05,0,http://www.openphacts.org/units/Nanomolar,2290325,=,1,1,=,,IC50,nM,,90,CHEMBL3414415,Escherichia coli (strain K12),Bifunctional protein GlmU,83333,,,IC50,uM,UO_0000065,,0.09
,,15216562,[],CHEMBL3418280,Inhibition of Escherichia coli GlmU acetyltransferase activity assessed as coenzyme A production using acetyl CoA substrate,B,,,BAO_0000190,BAO_0000357,single protein format,COc1cc(OC)c(S(=O)(=O)N2c3ccccc3CC[C@@H]2C)cc1NC(=O)/C=C/C(=O)O,,,CHEMBL3414535,Eur J Med Chem,2015,"{'bei': '13.68', 'le': '0.27', 'lle': '3.49', 'sei': '5.15'}",CHEMBL3414902,,CHEMBL3414902,6.3,0,http://www.openphacts.org/units/Nanomolar,2290324,=,1,1,=,,IC50,nM,,500,CHEMBL3414415,Escherichia coli (strain K12),Bifunctional protein GlmU,83333,,,IC50,uM,UO_0000065,,0.5
,,15216563,[],CHEMBL3418280,Inhibition of Escherichia coli GlmU acetyltransferase activity assessed as coenzyme A production using acetyl CoA substrate,B,,,BAO_0000190,BAO_0000357,single protein format,COc1cc(OC)c(S(=O)(=O)N2c3ccccc3CC[C@@H]2C)cc1NC(=O)COCC(=O)O,,,CHEMBL3414535,Eur J Med Chem,2015,"{'bei': '14.00', 'le': '0.28', 'lle': '4.43', 'sei': '5.10'}",CHEMBL3414901,,CHEMBL3414901,6.7,0,http://www.openphacts.org/units/Nanomolar,2290323,=,1,1,=,,IC50,nM,,200,CHEMBL3414415,Escherichia coli (strain K12),Bifunctional protein GlmU,83333,,,IC50,uM,UO_0000065,,0.2
,,15216564,[],CHEMBL3418280,Inhibition of Escherichia coli GlmU acetyltransferase activity assessed as coenzyme A production using acetyl CoA substrate,B,,,BAO_0000190,BAO_0000357,single protein format,COc1cc(OC)c(S(=O)(=O)N2c3ccccc3CC[C@H]2C)cc1NC(=O)COC(C)=O,,,CHEMBL3414535,Eur J Med Chem,2015,"{'bei': '12.32', 'le': '0.24', 'lle': '2.96', 'sei': '5.12'}",CHEMBL3414900,,CHEMBL3414900,5.7,0,http://www.openphacts.org/units/Nanomolar,2290322,=,1,1,=,,IC50,nM,,2000,CHEMBL3414415,Escherichia coli (strain K12),Bifunctional protein GlmU,83333,,,IC50,uM,UO_0000065,,2
,,15216565,[],CHEMBL3418280,Inhibition of Escherichia coli GlmU acetyltransferase activity assessed as coenzyme A production using acetyl CoA substrate,B,,,BAO_0000190,BAO_0000357,single protein format,COc1cc(OC)c(S(=O)(=O)N2c3ccccc3CC[C@H]2C)cc1NC(=O)NCC(=O)O,,,CHEMBL3414535,Eur J Med Chem,2015,"{'bei': '13.59', 'le': '0.27', 'lle': '3.86', 'sei': '4.69'}",CHEMBL3414899,,CHEMBL3414899,6.3,0,http://www.openphacts.org/units/Nanomolar,2290321,=,1,1,=,,IC50,nM,,500,CHEMBL3414415,Escherichia coli (strain K12),Bifunctional protein GlmU,83333,,,IC50,uM,UO_0000065,,0.5
,,15216566,[],CHEMBL3418280,Inhibition of Escherichia coli GlmU acetyltransferase activity assessed as coenzyme A production using acetyl CoA substrate,B,,,BAO_0000190,BAO_0000357,single protein format,COc1cc(OC)c(S(=O)(=O)N2c3ccccc3CC[C@H]2C)cc1NC(=S)NCC(=O)O,,,CHEMBL3414535,Eur J Med Chem,2015,"{'bei': '13.14', 'le': '0.27', 'lle': '3.70', 'sei': '5.38'}",CHEMBL3414898,,CHEMBL3414898,6.3,0,http://www.openphacts.org/units/Nanomolar,2290320,=,1,1,=,,IC50,nM,,500,CHEMBL3414415,Escherichia coli (strain K12),Bifunctional protein GlmU,83333,,,IC50,uM,UO_0000065,,0.5
,,15216567,[],CHEMBL3418280,Inhibition of Escherichia coli GlmU acetyltransferase activity assessed as coenzyme A production using acetyl CoA substrate,B,,,BAO_0000190,BAO_0000357,single protein format,COc1cc(OC)c(S(=O)(=O)N2c3ccccc3CC[C@H]2C)cc1NC(C)=O,,,CHEMBL3414535,Eur J Med Chem,2015,"{'bei': '14.40', 'le': '0.28', 'lle': '2.63', 'sei': '6.86'}",CHEMBL3414897,,CHEMBL3414897,5.82,0,http://www.openphacts.org/units/Nanomolar,2290319,=,1,1,=,,IC50,nM,,1500,CHEMBL3414415,Escherichia coli (strain K12),Bifunctional protein GlmU,83333,,,IC50,uM,UO_0000065,,1.5
,,15216568,[],CHEMBL3418280,Inhibition of Escherichia coli GlmU acetyltransferase activity assessed as coenzyme A production using acetyl CoA substrate,B,,,BAO_0000190,BAO_0000357,single protein format,COc1cc(OC)c(S(=O)(=O)N2c3ccccc3C[C@H]2C)cc1NC(C)=O,,,CHEMBL3414535,Eur J Med Chem,2015,"{'bei': '14.60', 'le': '0.29', 'lle': '2.90', 'sei': '6.71'}",CHEMBL3414896,,CHEMBL3414896,5.7,0,http://www.openphacts.org/units/Nanomolar,2290318,=,1,1,=,,IC50,nM,,2000,CHEMBL3414415,Escherichia coli (strain K12),Bifunctional protein GlmU,83333,,,IC50,uM,UO_0000065,,2
,,15216569,[],CHEMBL3418279,Inhibition of Escherichia coli GlmU acetyltransferase activity assessed as coenzyme A production using acetyl CoA substrate at 100 uM,B,,,BAO_0000201,BAO_0000357,single protein format,COC(=O)c1cc(S(=O)(=O)Nc2cccc(Cl)c2C)c[nH]1,,,CHEMBL3414535,Eur J Med Chem,2015,,CHEMBL3415114,,CHEMBL3415114,,0,http://qudt.org/vocab/unit#Percent,2290613,=,1,1,=,,Inhibition,%,,3.74,CHEMBL3414415,Escherichia coli (strain K12),Bifunctional protein GlmU,83333,,,INH,%,UO_0000187,,3.74
,,15216570,[],CHEMBL3418279,Inhibition of Escherichia coli GlmU acetyltransferase activity assessed as coenzyme A production using acetyl CoA substrate at 100 uM,B,,,BAO_0000201,BAO_0000357,single protein format,COC(=O)c1cc(S(=O)(=O)Nc2ccc(C)cc2Cl)c[nH]1,,,CHEMBL3414535,Eur J Med Chem,2015,,CHEMBL3414579,,CHEMBL3414579,,0,http://qudt.org/vocab/unit#Percent,2290612,=,1,1,=,,Inhibition,%,,5.22,CHEMBL3414415,Escherichia coli (strain K12),Bifunctional protein GlmU,83333,,,INH,%,UO_0000187,,5.22
,,15216571,[],CHEMBL3418280,Inhibition of Escherichia coli GlmU acetyltransferase activity assessed as coenzyme A production using acetyl CoA substrate,B,,,BAO_0000190,BAO_0000357,single protein format,COc1cc(O)c(S(=O)(=O)N2c3ccccc3Oc3ccccc32)cc1NC(=O)[C@H]1[C@H](C)[C@@H]1C(=O)O,,,CHEMBL3414535,Eur J Med Chem,2015,"{'bei': '14.15', 'le': '0.27', 'lle': '3.28', 'sei': '5.07'}",CHEMBL3415115,,CHEMBL3415115,7.22,0,http://www.openphacts.org/units/Nanomolar,2290614,=,1,1,=,,IC50,nM,,60,CHEMBL3414415,Escherichia coli (strain K12),Bifunctional protein GlmU,83333,,,IC50,uM,UO_0000065,,0.06
,,15216572,[],CHEMBL3418280,Inhibition of Escherichia coli GlmU acetyltransferase activity assessed as coenzyme A production using acetyl CoA substrate,B,,,BAO_0000190,BAO_0000357,single protein format,COc1cc(O)c(S(=O)(=O)N2c3ccccc3Oc3ccccc32)cc1NC(=O)[C@H]1[C@H](C)[C@@H]1C(=O)O,,,CHEMBL3414535,Eur J Med Chem,2015,"{'bei': '14.15', 'le': '0.27', 'lle': '3.28', 'sei': '5.07'}",CHEMBL3415115,,CHEMBL3415115,7.22,0,http://www.openphacts.org/units/Nanomolar,2290614,=,1,1,=,,IC50,nM,,59.98,CHEMBL3414415,Escherichia coli (strain K12),Bifunctional protein GlmU,83333,,,pIC50,,UO_0000065,,7.222
,,15216573,[],CHEMBL3418280,Inhibition of Escherichia coli GlmU acetyltransferase activity assessed as coenzyme A production using acetyl CoA substrate,B,,,BAO_0000190,BAO_0000357,single protein format,COc1cc(O)c(S(=O)(=O)N2c3ccccc3CC[C@H]2C)cc1NC(=O)[C@H]1[C@H](C)[C@H]1C(=O)O,,,CHEMBL3414535,Eur J Med Chem,2015,"{'bei': '13.32', 'le': '0.26', 'lle': '3.48', 'sei': '4.74'}",CHEMBL3415116,,CHEMBL3415116,6.32,0,http://www.openphacts.org/units/Nanomolar,2290615,=,1,1,=,,IC50,nM,,480,CHEMBL3414415,Escherichia coli (strain K12),Bifunctional protein GlmU,83333,,,IC50,uM,UO_0000065,,0.48
,,15216574,[],CHEMBL3418280,Inhibition of Escherichia coli GlmU acetyltransferase activity assessed as coenzyme A production using acetyl CoA substrate,B,,,BAO_0000190,BAO_0000357,single protein format,COc1cc(O)c(S(=O)(=O)N2c3ccccc3CC[C@H]2C)cc1NC(=O)[C@H]1[C@H](C)[C@H]1C(=O)O,,,CHEMBL3414535,Eur J Med Chem,2015,"{'bei': '13.32', 'le': '0.26', 'lle': '3.48', 'sei': '4.74'}",CHEMBL3415116,,CHEMBL3415116,6.32,0,http://www.openphacts.org/units/Nanomolar,2290615,=,1,1,=,,IC50,nM,,479.73,CHEMBL3414415,Escherichia coli (strain K12),Bifunctional protein GlmU,83333,,,pIC50,,UO_0000065,,6.319
"{'action_type': 'INHIBITOR', 'description': 'Negatively effects (inhibits) the normal functioning of the protein e.g., prevention of enzymatic reaction or activation of downstream pathway', 'parent_type': 'NEGATIVE MODULATOR'}",,25726638,"[{'comments': None, 'relation': '=', 'result_flag': 0, 'standard_relation': '=', 'standard_text_value': None, 'standard_type': 'TIME', 'standard_units': 'hr', 'standard_value': '0.5', 'text_value': None, 'type': 'TIME', 'units': 'min', 'value': '30.0'}]",CHEMBL5392095,Inhibition of Mycobacterium tuberculosis GlmU incubated for 30 mins by DTNB colorimetric assay,B,,,BAO_0000190,BAO_0000357,single protein format,CC(=O)c1ccc2c(c1)C1C=CCC1C(C(=O)O)N2,Outside typical range,"Values for this activity type are unusually large/small, so may not be accurate",CHEMBL5390257,J Med Chem,2023,,CHEMBL1567396,,CHEMBL1567396,,0,http://www.openphacts.org/units/Nanomolar,4011742,=,1,1,=,,IC50,nM,,110000,CHEMBL1293297,Mycobacterium tuberculosis,Bifunctional protein GlmU,1773,,,IC50,uM,UO_0000065,,110
